timestamp,cpu_usage,memory_usage,temperature,battery_drain,upload_speed_kbps,download_speed_kbps,Target
2026-02-22 17:29:51,77.0,75.0,33.2,-308.0,0.0,0.0,0
2026-02-22 17:30:03,93.0,75.0,33.2,-441.0,7.612117,111.01292399999997,0
2026-02-22 17:30:15,50.0,75.0,33.2,-296.0,0.8422760400000001,0.14111047999999826,1
2026-02-22 17:30:19,41.0,75.0,33.2,-229.0,1.7524115,0.2958395799999991,1
2026-02-22 17:30:23,41.0,77.0,33.2,-224.0,1.5510539000000003,0.9219991599999986,1
2026-02-22 17:30:27,44.0,77.0,33.2,-342.0,2.4548652,5.197097299999999,1
2026-02-22 17:30:35,53.0,76.0,33.2,-259.0,3.7561777000000003,74.11498,1
2026-02-22 17:30:39,60.0,77.0,33.2,-494.0,1.6927892,0.4927697799999997,0
2026-02-22 17:30:47,82.0,79.0,33.2,-751.0,0.9587803,0.0618725100000006,0
2026-02-22 17:30:55,86.0,79.0,33.5,-668.0,3.3072007,0.25638726000000034,0
2026-02-22 17:30:59,69.0,80.0,33.5,-587.0,0.8304549,0.0,0
2026-02-22 17:31:11,67.0,80.0,33.5,-586.0,0.07188821600000006,0.031086795000000222,0
2026-02-22 17:31:27,61.0,80.0,33.5,-570.0,2.830088,18.864176,0
2026-02-22 17:31:31,66.0,81.0,33.5,-578.0,3.7570190000000006,86.37304,0
2026-02-22 17:31:35,63.0,81.0,33.5,-506.0,0.8263035000000001,2.6068369999999987,0
2026-02-22 17:31:39,63.0,81.0,33.5,-742.0,1.5414153000000002,2.6367917,0
2026-02-22 17:31:43,67.0,81.0,33.5,-645.0,1.2517667,80.89742,0
2026-02-22 17:31:47,63.0,81.0,34.0,-563.0,2.4448056,81.25938,0
2026-02-22 17:31:51,70.0,81.0,34.0,-509.0,0.15024038000000006,1.3314991999999997,0
2026-02-22 17:31:55,83.0,82.0,34.0,-897.9999999999998,0.9302914,1.5430174,0
2026-02-22 17:31:59,89.0,81.0,34.0,-613.0,0.0,0.0,0
2026-02-22 17:32:03,65.0,82.0,34.0,-523.0,0.9663545000000001,79.45835,0
2026-02-22 17:32:07,98.0,82.0,34.0,-520.0,1.421978,79.990456,0
2026-02-22 17:32:11,77.0,81.0,34.0,-659.0,1.5631317,79.78459999999998,0
2026-02-22 17:32:15,88.0,82.0,34.0,-580.0,0.8006841,0.0,0
2026-02-22 17:32:20,80.0,78.0,34.0,-432.0,1.3301497000000002,0.20879406999999617,0
2026-02-22 17:32:24,65.0,79.0,34.0,-428.0,8.707621,84.86660999999998,0
2026-02-22 17:32:28,100.0,78.0,34.0,-670.0,0.74368805,0.09207798499999953,0
2026-02-22 17:32:32,65.0,78.0,34.0,-466.0,1.2259907,80.104866,0
2026-02-22 17:32:36,70.0,78.0,34.0,-491.0,0.07874720000000002,0.055414694999999625,0
2026-02-22 17:32:40,89.0,78.0,34.0,-415.0,0.0,0.0,0
2026-02-22 17:32:44,89.0,79.0,34.0,-499.0,1.5717844,80.761086,0
2026-02-22 17:32:48,72.0,79.0,34.0,-536.0,0.20648708999999998,1.3616002000000016,0
2026-02-22 17:32:52,65.0,79.0,34.0,-395.0,0.13784189999999996,1.3149680000000004,0
2026-02-22 17:32:56,65.0,78.0,34.0,-372.0,0.22058479999999991,0.18942048999999983,0
2026-02-22 17:33:00,89.0,79.0,34.0,-435.0,1.3078440000000002,79.48493,0
2026-02-22 17:33:04,60.0,79.0,34.0,-617.0,0.05946624700000003,0.3901862999999999,0
2026-02-22 17:33:08,63.0,79.0,34.0,-507.0,0.07549485599999994,0.08207021000000125,0
2026-02-22 17:33:12,62.0,79.0,34.0,-515.0,0.9651421300000002,66.409164,0
2026-02-22 17:33:20,71.0,80.0,34.0,-658.0,0.41700019999999993,0.13066167999999934,0
2026-02-22 17:33:24,88.0,80.0,34.0,-579.0,1.2734919,0.6791470599999982,0
2026-02-22 17:33:28,82.0,79.0,34.0,-560.0,0.0126415849999999,0.03525057399999909,0
2026-02-22 17:33:32,73.0,80.0,34.0,-614.0,0.14009962999999992,0.08318415000000101,0
2026-02-22 17:33:48,63.0,79.0,34.4,-246.0,7.666028,71.52526,1
2026-02-22 17:33:52,67.0,81.0,34.4,-495.0,0.6955669999999999,0.06363078000000044,0
2026-02-22 17:34:00,79.0,81.0,34.4,-841.0,0.5060679300000002,1.7352990000000013,0
2026-02-22 17:34:04,88.0,82.0,34.4,-523.0,1.1281483,12.434167,0
2026-02-22 17:34:08,75.0,82.0,34.4,-549.0,1.6022642999999999,79.31159,0
2026-02-22 17:34:12,73.0,82.0,34.4,-810.0,0.03788703300000007,0.20230703000000005,0
2026-02-22 17:34:16,55.0,82.0,34.4,-428.0,0.1273565700000001,0.06367828999999858,0
2026-02-22 17:34:20,73.0,82.0,34.4,-534.0,1.7647083,79.68673,0
2026-02-22 17:34:24,86.0,82.0,34.4,-515.0,0.44239110000000004,0.5043064400000006,0
2026-02-22 17:34:28,70.0,82.0,34.4,-620.0,0.9507803300000001,80.16496,0
2026-02-22 17:34:32,66.0,82.0,34.4,-639.0,0.15248167999999995,0.1029494100000008,0
2026-02-22 17:34:36,87.0,82.0,34.4,-697.0,1.6843398,54.608833000000004,0
2026-02-22 17:34:40,63.0,82.0,34.4,-613.0,0.6101691000000001,1.243937299999999,0
2026-02-22 17:34:44,72.0,82.0,34.4,-576.0,1.1680834,0.39179160000000124,0
2026-02-22 17:34:48,84.0,82.0,34.6,-603.0,0.037934203000000055,0.08243394000000137,0
2026-02-22 17:34:52,62.0,81.0,34.6,-856.0,1.003291,41.578136,0
2026-02-22 17:34:56,65.0,81.0,34.6,-727.0,2.2480419,0.5657242999999994,0
2026-02-22 17:35:00,72.0,81.0,34.6,-758.0,0.3472978,54.45338,0
2026-02-22 17:35:04,81.0,81.0,34.6,-460.0,0.21480001999999998,0.09039096000000413,0
2026-02-22 17:35:12,65.0,81.0,34.6,-549.0,2.5308475,4.701256300000004,0
2026-02-22 17:35:16,89.0,82.0,34.6,-531.0,1.6119604,51.582733,0
2026-02-22 17:35:20,88.0,82.0,34.6,-691.0,0.09247289999999997,8.9820385,0
2026-02-22 17:35:24,82.0,82.0,34.6,-624.0,0.0,0.0,0
2026-02-22 17:35:28,88.0,81.0,34.6,-738.0,0.6549371999999999,0.05064198399999853,0
2026-02-22 17:35:32,78.0,81.0,34.6,-566.0,1.2540504000000001,105.06688,0
2026-02-22 17:35:40,55.0,81.0,34.6,-607.0,2.4304583,0.6208737999999983,0
2026-02-22 17:35:48,71.0,82.0,34.6,-545.0,0.025314681000000006,0.06328669999999903,0
2026-02-22 17:35:52,63.0,82.0,34.6,-743.0,1.0216159,39.41708,0
2026-02-22 17:35:56,65.0,82.0,34.6,-441.0,0.6675206400000001,0.0801219599999996,0
2026-02-22 17:36:00,54.0,82.0,34.6,-518.0,0.14995994,0.9549312999999984,0
2026-02-22 17:36:04,69.0,82.0,34.6,-460.0,1.8708958999999998,123.62102499999997,0
2026-02-22 17:36:12,62.0,82.0,34.6,-560.0,0.23013752999999992,0.1546426899999993,0
2026-02-22 17:36:20,66.0,81.0,34.6,-897.0,0.012625869999999928,0.03132187199999947,0
2026-02-22 17:36:25,66.0,82.0,34.6,-563.0,0.13662635999999995,0.09165148999999673,0
2026-02-22 17:36:33,63.0,81.0,34.6,-553.0,0.5795067,0.8915487499999983,0
2026-02-22 17:36:37,63.0,81.0,34.6,-600.0,0.4740452800000001,0.5042206600000014,0
2026-02-22 17:36:41,73.0,81.0,34.6,-584.0,1.0302491000000003,1.1985968000000007,0
2026-02-22 17:36:45,68.0,81.0,34.6,-571.0,0.037972019999999995,0.09249595,0
2026-02-22 17:36:49,63.0,81.0,34.8,-497.0,0.1689596499999999,0.23143825000000007,0
2026-02-22 17:36:57,64.0,81.0,34.8,-377.0,0.012610194000000075,0.02861543999999938,0
2026-02-22 17:37:01,61.0,81.0,34.8,-475.0,0.054307587000000046,0.08426199999999895,0
2026-02-22 17:37:05,64.0,82.0,34.8,-589.0,1.4906067,130.65521,0
2026-02-22 17:37:09,67.0,82.0,34.8,-675.0,0.11451863000000007,0.1390236800000011,0
2026-02-22 17:37:13,70.0,81.0,34.8,-594.0,0.22882105000000008,0.4386750200000016,0
2026-02-22 17:37:17,76.0,82.0,34.8,-650.0,0.012629011000000023,0.032058257999999284,0
2026-02-22 17:37:25,64.0,81.0,34.8,-497.0,0.0,0.0,0
2026-02-22 17:37:29,52.0,81.0,34.8,-481.0,0.8347290000000002,13.441396000000001,0
2026-02-22 17:37:33,56.0,81.0,34.8,-484.0,0.3767400000000001,129.31139999999996,0
2026-02-22 17:37:37,52.0,81.0,34.8,-364.0,0.11697393000000011,0.12498251999999965,0
2026-02-22 17:37:41,49.0,81.0,34.8,-474.0,1.6726514,67.91222,0
2026-02-22 17:37:45,57.0,81.0,34.8,-695.0,8.051183,87.57044000000002,0
2026-02-22 17:37:49,90.0,82.0,34.7,-414.0,0.14460403,0.6596952700000003,0
2026-02-22 17:37:57,72.0,80.0,34.7,-528.0,2.2483761,2.147369099999999,0
2026-02-22 17:38:01,61.0,80.0,34.7,-501.0,2.4033237,109.02013,0
2026-02-22 17:38:05,72.0,80.0,34.7,-576.0,0.17724694000000007,0.24298412999999996,0
2026-02-22 17:38:13,62.0,80.0,34.7,-572.0,1.425995,102.34968,0
2026-02-22 17:38:17,80.0,81.0,34.7,-527.0,0.09446677599999997,0.11272710600000124,0
2026-02-22 17:38:21,62.0,81.0,34.7,-509.0,0.043672359999999966,0.0,0
2026-02-22 17:38:29,53.0,81.0,34.7,-430.0,0.48645976,0.8388576999999984,0
2026-02-22 17:38:33,58.0,81.0,34.7,-439.0,0.3130257700000001,0.31351259999999925,0
2026-02-22 17:38:37,82.0,81.0,34.7,-367.0,1.9704113999999997,33.92891,0
2026-02-22 17:38:41,100.0,81.0,34.7,-461.0,3.0259821,79.672035,0
2026-02-22 17:38:49,67.0,79.0,34.8,-860.0000000000001,4.516967,43.355286,0
2026-02-22 17:38:53,66.0,80.0,34.8,-601.0,4.555671,52.27453,0
2026-02-22 17:38:57,96.0,79.0,34.8,-530.0,0.970971,0.10623792999999893,0
2026-02-22 17:39:01,69.0,79.0,34.8,-651.0,0.46253109999999986,0.14842777999999868,0
2026-02-22 17:39:05,64.0,79.0,34.8,-544.0,0.9751057000000001,0.0,0
2026-02-22 17:39:09,98.0,79.0,34.8,-539.0,3.665514,132.99878,0
2026-02-22 17:39:13,61.0,79.0,34.8,-440.0,0.6749018,0.0637894199999991,0
2026-02-22 17:39:17,63.0,79.0,34.8,-554.0,1.2266519,0.08401059999999916,0
2026-02-22 17:39:21,72.0,79.0,34.8,-569.0,2.1172614,68.20835,0
2026-02-22 17:39:25,61.0,79.0,34.8,-514.0,0.6868239000000002,0.02622948400000169,0
2026-02-22 17:39:29,54.0,79.0,34.8,-443.0,1.9161636,0.0,0
2026-02-22 17:39:33,51.0,79.0,34.8,-428.0,2.975532,65.91166,0
2026-02-22 17:39:37,57.0,78.0,34.8,-619.0,3.0080657,68.89147,0
2026-02-22 17:39:41,84.0,79.0,34.8,-830.0,1.3158252,0.7461839999999995,0
2026-02-22 17:39:45,84.0,78.0,34.8,-535.0,1.7164046999999998,0.5308568499999993,0
2026-02-22 17:39:49,63.0,78.0,35.0,-451.0,4.629441,66.54616999999999,0
2026-02-22 17:39:53,83.0,79.0,35.0,-715.0,3.2337391,0.2432899500000012,0
2026-02-22 17:39:57,63.0,79.0,35.0,-473.0,1.4641145,0.0,0
2026-02-22 17:40:01,88.0,79.0,35.0,-570.0,1.5755241,66.42666,0
2026-02-22 17:40:06,84.0,78.0,35.0,-502.0,0.6776147500000002,0.0,0
2026-02-22 17:40:10,86.0,79.0,35.0,-597.0,1.13689,0.1403778200000012,0
2026-02-22 17:40:14,86.0,78.0,35.0,-762.0,2.0316095,66.6524,0
2026-02-22 17:40:18,63.0,78.0,35.0,-919.0,0.5874426,0.019662333999999504,0
2026-02-22 17:40:22,62.0,78.0,35.0,-560.0,1.7544568999999999,0.12498833000000076,0
2026-02-22 17:40:26,63.0,79.0,35.0,-549.0,1.7290756999999999,0.8189974000000007,0
2026-02-22 17:40:30,63.0,79.0,35.0,-537.0,2.3171186,67.94265,0
2026-02-22 17:40:34,74.0,79.0,35.0,-605.0,0.80208075,0.1297054099999997,0
2026-02-22 17:40:38,57.0,79.0,35.0,-417.0,0.7335177000000002,0.06745829999999842,0
2026-02-22 17:40:42,58.0,79.0,35.0,-405.0,2.2667425,67.26183,0
2026-02-22 17:40:46,63.0,79.0,35.0,-649.0,1.0027854,0.1534528900000005,0
2026-02-22 17:40:50,62.0,78.0,35.2,-499.0,4.2192664,71.12342,0
2026-02-22 17:40:58,70.0,79.0,35.2,-556.0,2.7893462,0.1311148099999997,0
2026-02-22 17:41:02,88.0,79.0,35.2,-544.0,1.0192019,0.08430405000000007,0
2026-02-22 17:41:10,77.0,79.0,35.2,-507.0,0.6203444,0.07119502999999838,0
2026-02-22 17:41:22,63.0,79.0,35.2,-556.0,1.5532457,25.342891999999996,0
2026-02-22 17:41:26,53.0,79.0,35.2,-440.0,0.6442397,0.06413245999999972,0
2026-02-22 17:41:30,70.0,79.0,35.2,-409.0,0.5511678499999999,0.146411539999999,0
2026-02-22 17:41:34,51.0,79.0,35.2,-386.0,1.3034617,106.82329599999997,0
2026-02-22 17:41:38,49.0,79.0,35.2,-458.0,0.7164693,0.14047941999999836,0
2026-02-22 17:41:42,60.0,79.0,35.2,-483.0,1.8049921,115.89237,0
2026-02-22 17:41:46,85.0,79.0,35.2,-548.0,1.2748145000000002,0.03627718999999985,0
2026-02-22 17:41:50,63.0,79.0,35.3,-503.0,1.4683670000000002,0.17592219000000142,0
2026-02-22 17:41:54,77.0,79.0,35.3,-703.0,2.6797616,0.7298032600000006,0
2026-02-22 17:41:58,60.0,79.0,35.3,-612.0,2.237083,111.96325000000002,0
2026-02-22 17:42:02,61.0,79.0,35.3,-538.0,1.0364712,0.0,0
2026-02-22 17:42:06,58.0,79.0,35.3,-547.0,1.2041914,117.34251,0
2026-02-22 17:42:10,55.0,79.0,35.3,-493.0,0.4370238799999999,0.21450365999999832,0
2026-02-22 17:42:14,58.0,79.0,35.3,-457.0,0.42723095,0.14588965000000087,0
2026-02-22 17:42:18,58.0,79.0,35.3,-495.0,0.6957068,20.273808000000002,0
2026-02-22 17:42:26,52.0,79.0,35.3,-437.0,0.26083763999999987,0.09836055999999971,0
2026-02-22 17:42:30,60.0,79.0,35.3,-605.0,0.2747872,0.032770554999999035,0
2026-02-22 17:42:34,67.0,79.0,35.3,-527.0,1.7674612,102.14825000000002,0
2026-02-22 17:42:38,63.0,79.0,35.3,-546.0,0.15882233999999995,0.0280131439999991,0
2026-02-22 17:42:42,68.0,79.0,35.3,-532.0,1.2992485,13.105717,0
2026-02-22 17:42:46,72.0,80.0,35.3,-533.0,1.6194276999999997,2.147903200000002,0
2026-02-22 17:42:50,62.0,80.0,35.1,-504.0,4.9085817,2.4899060000000013,0
2026-02-22 17:42:54,70.0,80.0,35.1,-622.0,6.5590415,109.48166,0
2026-02-22 17:42:58,72.0,80.0,35.1,-698.0,0.11666251999999999,0.0,0
2026-02-22 17:43:02,65.0,79.0,35.1,-489.0,0.4999766299999999,0.06018236999999971,0
2026-02-22 17:43:10,62.0,80.0,35.1,-619.0,2.7881322,0.17627657999999968,0
2026-02-22 17:43:14,60.0,80.0,35.1,-597.0,2.2736928,30.866099999999996,0
2026-02-22 17:43:18,62.0,80.0,35.1,-521.0,0.3389560599999999,15.396764000000003,0
2026-02-22 17:43:26,79.0,79.0,35.1,-552.0,0.8024543,0.08486561999999509,0
2026-02-22 17:43:34,64.0,79.0,35.1,-552.0,1.7646229,0.9772922400000006,0
2026-02-22 17:43:38,63.0,79.0,35.1,-534.0,0.25130337,14.125436,0
2026-02-22 17:43:46,62.0,80.0,35.1,-498.0,0.4998058999999999,0.030328027999999563,0
2026-02-22 17:43:50,49.0,80.0,35.1,-440.0,1.2004241,0.05139802800000126,0
2026-02-22 17:43:58,59.0,80.0,35.1,-458.0,0.6666543500000001,0.15143514000000025,0
2026-02-22 17:44:03,64.0,80.0,35.1,-524.0,0.30805624,1.3850401999999988,0
2026-02-22 17:44:07,53.0,80.0,35.1,-396.0,1.1797497000000001,0.660844560000001,0
2026-02-22 17:44:15,55.0,79.0,35.1,-371.0,0.7980563,17.203869,0
2026-02-22 17:44:19,51.0,80.0,35.1,-435.0,0.10003574000000004,0.027679794000000868,0
2026-02-22 17:44:27,51.0,80.0,35.1,-407.0,0.10135055999999998,0.13537712000000113,0
2026-02-22 17:44:31,55.0,80.0,35.1,-489.0,0.49082877999999996,13.680852000000002,0
2026-02-22 17:44:43,63.0,80.0,35.1,-375.0,0.3302936300000001,0.6867971399999995,0
2026-02-22 17:44:47,58.0,80.0,35.1,-486.0,1.1930909,15.333465,0
2026-02-22 17:44:51,86.0,80.0,34.9,-394.0,0.20254989999999995,0.046873059999999356,0
2026-02-22 17:44:59,66.0,80.0,34.9,-356.0,0.08042850999999995,0.11882037000000167,0
2026-02-22 17:45:03,66.0,80.0,34.9,-420.0,1.3814610000000003,18.669022,0
2026-02-22 17:45:07,51.0,80.0,34.9,-418.0,0.5642145000000001,7.949058000000003,0
2026-02-22 17:45:11,63.0,80.0,34.9,-674.0,2.9624498,85.58196000000001,0
2026-02-22 17:45:15,63.0,80.0,34.9,-360.0,0.2567214,0.09165148999999673,0
2026-02-22 17:45:27,49.0,80.0,34.9,-436.0,2.591123,8.078393000000002,0
2026-02-22 17:45:31,63.0,80.0,34.9,-526.0,2.2004788,109.44362999999998,0
2026-02-22 17:45:35,62.0,81.0,34.9,-511.0,0.33713210000000005,13.807557,0
2026-02-22 17:45:39,65.0,80.0,34.9,-564.0,0.5588688000000002,0.0281864270000014,0
2026-02-22 17:45:47,50.0,80.0,34.9,-589.0,1.2501652,14.612232000000002,0
2026-02-22 17:45:51,63.0,80.0,34.7,-608.0,1.7597535,40.154064,0
2026-02-22 17:45:55,51.0,80.0,34.7,-431.0,2.591282,125.922585,0
2026-02-22 17:45:59,54.0,80.0,34.7,-547.0,0.6195083,0.11400506000000021,0
2026-02-22 17:46:11,70.0,79.0,34.7,-494.0,7.7198405,28.722483,0
2026-02-22 17:46:15,59.0,79.0,34.7,-460.0,3.7087512,8.676345,0
2026-02-22 17:46:23,88.0,79.0,34.7,-600.0,0.6899098,12.828679000000001,0
2026-02-22 17:46:31,81.0,79.0,34.7,-550.0,0.7407483000000001,14.993893,0
2026-02-22 17:46:35,68.0,79.0,34.7,-569.0,0.4735732400000001,0.1157191249999947,0
2026-02-22 17:46:39,81.0,79.0,34.7,-623.0,1.4821173000000003,117.78696400000001,0
2026-02-22 17:46:43,81.0,79.0,34.7,-610.0,0.1420454499999999,0.2777669699999983,0
2026-02-22 17:46:47,73.0,79.0,34.7,-589.0,1.6999329999999997,16.348127,0
2026-02-22 17:46:51,78.0,80.0,34.7,-700.0,4.5850797,79.49189,0
2026-02-22 17:46:55,89.0,79.0,34.7,-479.0,1.7399334,1.4879798000000015,0
2026-02-22 17:47:12,75.0,81.0,34.7,-672.0,6.07243,18.13682,0
2026-02-22 17:47:16,88.0,81.0,34.7,-390.0,3.73503,11.84504,0
2026-02-22 17:47:20,85.0,79.0,34.7,-701.0,1.5432458,0.13954365000000024,0
2026-02-22 17:47:24,88.0,79.0,34.7,-715.0,0.19652863999999992,0.11115543500000058,0
2026-02-22 17:47:28,88.0,79.0,34.7,-619.0,0.7435965000000001,0.08502409600000149,0
2026-02-22 17:47:32,65.0,80.0,34.7,-560.0,0.04373755700000004,0.0,0
2026-02-22 17:47:36,89.0,80.0,34.7,-690.0,2.4666831,0.26929596000000444,0
2026-02-22 17:47:40,67.0,80.0,34.7,-553.0,0.7809097000000002,0.48147592000000117,0
2026-02-22 17:47:44,89.0,80.0,34.7,-619.0,0.34804316999999996,0.25544229999999857,0
2026-02-22 17:47:48,84.0,80.0,34.7,-484.0,0.10202891999999997,0.0,0
2026-02-22 17:47:52,89.0,80.0,35.3,-415.0,0.23386932999999988,0.15437319999999843,0
2026-02-22 17:47:56,74.0,80.0,35.3,-522.0,0.18401825000000005,0.08421999000000113,0
2026-02-22 17:48:00,88.0,80.0,35.3,-529.0,0.71060294,0.10964144000000076,0
2026-02-22 17:48:04,82.0,80.0,35.3,-396.0,0.5174051,0.8703031500000016,0
2026-02-22 17:48:08,72.0,80.0,35.3,-649.0,1.9798802,0.7082814599999985,0
2026-02-22 17:48:12,76.0,79.0,35.3,-562.0,0.13631539000000004,0.03523303200000072,0
2026-02-22 17:48:16,81.0,79.0,35.3,-587.0,0.29214240000000014,1.9166679000000002,0
2026-02-22 17:48:20,72.0,80.0,35.3,-551.0,2.6156185,77.77877,0
2026-02-22 17:48:24,80.0,80.0,35.3,-577.0,0.12553718999999997,0.0878273699999994,0
2026-02-22 17:48:28,66.0,79.0,35.3,-588.0,1.0577806,0.0790295900000011,0
2026-02-22 17:48:32,50.0,79.0,35.3,-422.0,0.041814473000000074,0.033305716000000984,0
2026-02-22 17:48:36,68.0,79.0,35.3,-545.0,0.12713507999999996,0.06356753999999754,0
2026-02-22 17:48:40,90.0,79.0,35.3,-941.0,1.0913233,0.7100057600000014,0
2026-02-22 17:48:48,74.0,77.0,35.3,-401.0,2.7551186,0.5731308999999953,0
2026-02-22 17:48:52,76.0,76.0,35.1,-461.0,1.5881324,4.6854534,0
2026-02-22 17:48:56,84.0,77.0,35.1,-503.0,0.9317973,0.20168668000000167,0
2026-02-22 17:49:00,86.0,78.0,35.1,-527.0,0.0,0.15551131999999868,0
2026-02-22 17:49:04,77.0,77.0,35.1,-552.0,0.7136512,0.03936380000000028,0
2026-02-22 17:49:08,88.0,77.0,35.1,-604.0,2.5308475,0.1776672899999987,0
2026-02-22 17:49:12,61.0,77.0,35.1,-625.0,0.7180750000000001,0.09823985999999962,0
2026-02-22 17:49:16,57.0,78.0,35.1,-452.0,0.13985580000000009,0.09348000600000006,0
2026-02-22 17:49:20,75.0,78.0,35.1,-455.0,0.9592588000000001,0.2549249799999984,0
2026-02-22 17:49:24,89.0,78.0,35.1,-489.0,0.04182489,0.020669277999999736,0
2026-02-22 17:49:28,83.0,78.0,35.1,-511.0,0.012632151999999897,0.028665267000000938,0
2026-02-22 17:49:32,89.0,78.0,35.1,-482.0,0.10239920999999996,0.11918197599999658,0
2026-02-22 17:49:36,86.0,78.0,35.1,-819.0,0.16916065000000002,0.08458032500000101,0
2026-02-22 17:49:40,89.0,78.0,35.1,-601.0,0.18292327000000008,0.48172223999999986,0
2026-02-22 17:49:44,89.0,78.0,35.1,-588.0,0.9177744400000001,0.468847199999999,0
2026-02-22 17:49:48,89.0,78.0,35.1,-583.0,0.42738283,0.5166032300000047,0
2026-02-22 17:49:52,89.0,78.0,35.1,-634.0,0.10202891999999997,0.0,0
2026-02-22 17:49:56,65.0,78.0,35.1,-607.0,0.20410861000000002,0.11760543000000112,0
2026-02-22 17:50:00,77.0,78.0,35.1,-592.0,0.44031529999999997,0.8021850599999993,0
2026-02-22 17:50:04,72.0,78.0,35.1,-527.0,0.05441542300000002,0.06291783600000045,0
2026-02-22 17:50:08,88.0,78.0,35.1,-717.0,0.0,0.0,0
2026-02-22 17:50:12,78.0,79.0,35.1,-708.0,0.04682647399999995,0.07011839999999836,0
2026-02-22 17:50:16,89.0,79.0,35.1,-692.0,0.16924490000000003,0.09823985999999962,0
2026-02-22 17:50:20,66.0,78.0,35.1,-515.0,0.17191975000000004,0.1636520499999996,0
2026-02-22 17:50:24,80.0,78.0,35.1,-486.0,0.09823986000000007,0.04814725700000011,0
2026-02-22 17:50:28,67.0,78.0,35.1,-423.0,0.41502082000000007,0.11274570999999867,0
2026-02-22 17:50:32,72.0,78.0,35.1,-554.0,0.23179678999999997,0.15566626000000028,0
2026-02-22 17:50:36,76.0,78.0,35.1,-557.0,0.41505729999999996,0.09131745999999907,0
2026-02-22 17:50:40,89.0,79.0,35.1,-634.0,0.18301432000000006,0.7087247999999988,0
2026-02-22 17:50:44,89.0,79.0,35.1,-637.0,0.9002647400000001,0.2546497999999957,0
2026-02-22 17:50:52,88.0,79.0,34.9,-734.0,3.4816153000000005,2.9615110000000016,0
2026-02-22 17:50:57,77.0,79.0,34.9,-659.0,1.6109149999999999,0.8341369599999986,0
2026-02-22 17:51:01,84.0,80.0,34.9,-783.0,1.2028008000000001,0.6287091999999994,0
2026-02-22 17:51:05,83.0,80.0,34.9,-595.0,2.3260517,1.4501357000000006,0
2026-02-22 17:51:09,72.0,80.0,34.9,-660.0,0.7227680000000001,0.3973280999999993,0
2026-02-22 17:51:13,82.0,79.0,34.9,-435.0,0.15349104999999996,0.15324818999999934,0
2026-02-22 17:51:17,82.0,79.0,34.9,-499.0,1.2262849,1.4604752999999988,0
2026-02-22 17:51:21,80.0,79.0,34.9,-468.0,0.10237370999999995,0.11769329999999911,0
2026-02-22 17:51:25,86.0,79.0,34.9,-471.0,0.19910026999999997,0.1575805800000012,0
2026-02-22 17:51:29,89.0,79.0,34.9,-607.0,0.0126415849999999,0.028929780999998655,0
2026-02-22 17:51:33,81.0,79.0,34.9,-571.0,0.7771648,0.38858240000000066,0
2026-02-22 17:51:37,83.0,79.0,34.9,-594.0,0.025239188000000023,0.06091381199999901,0
2026-02-22 17:51:41,71.0,79.0,34.9,-624.0,0.1830598699999999,0.72008413,0
2026-02-22 17:51:45,69.0,79.0,34.9,-654.0,2.4587972,1.9088574999999999,0
2026-02-22 17:51:49,65.0,78.0,34.9,-440.0,0.4131049200000001,0.5471572000000009,0
2026-02-22 17:51:53,67.0,79.0,35.0,-443.0,0.5659539999999998,0.8751867000000004,0
2026-02-22 17:51:57,68.0,79.0,35.0,-424.0,0.30687796999999994,0.25897390000000087,0
2026-02-22 17:52:01,83.0,79.0,35.0,-557.0,0.012635294000000075,0.02697149500000151,0
2026-02-22 17:52:09,72.0,79.0,35.0,-596.0,0.0,0.0,0
2026-02-22 17:52:13,76.0,78.0,35.0,-668.0,5.970392,1.8877778999999997,0
2026-02-22 17:52:17,70.0,78.0,35.0,-611.0,2.8946886,38.992016,0
2026-02-22 17:52:21,74.0,79.0,35.0,-564.0,0.0,0.0,0
2026-02-22 17:52:29,78.0,78.0,35.0,-574.0,2.9744415,0.15785531999999947,0
2026-02-22 17:52:45,70.0,80.0,35.0,-504.0,2.9683802,81.53628,0
2026-02-22 17:52:49,81.0,80.0,35.0,-422.0,1.5387299000000003,99.09241500000002,0
2026-02-22 17:52:53,53.0,80.0,35.2,-532.0,2.0529923,0.2616964000000017,0
2026-02-22 17:52:57,63.0,80.0,35.2,-400.0,0.14883504999999997,5.1977777,0
2026-02-22 17:53:01,68.0,80.0,35.2,-513.0,1.3932486,0.47187146999999996,0
2026-02-22 17:53:09,50.0,78.0,35.2,-461.0,1.2978737,94.95631400000002,0
2026-02-22 17:53:13,63.0,78.0,35.2,-476.0,0.9222417,6.297579299999999,0
2026-02-22 17:53:17,67.0,78.0,35.2,-507.0,0.08546743499999998,0.11630369999999957,0
2026-02-22 17:53:21,62.0,78.0,35.2,-585.0,1.2149322,118.868,0
2026-02-22 17:53:25,56.0,78.0,35.2,-453.0,0.06168785999999993,0.012629011000001356,0
2026-02-22 17:53:33,63.0,80.0,35.2,-438.0,2.3421938,0.13811940000000078,0
2026-02-22 17:53:37,57.0,80.0,35.2,-666.0,0.7700240000000002,0.2152859900000017,0
2026-02-22 17:53:41,88.0,80.0,35.2,-610.0,1.3313892,105.03572,0
2026-02-22 17:54:01,51.0,79.0,35.4,-513.0,3.7717025,12.749957000000002,0
2026-02-22 17:54:05,88.0,79.0,35.4,-674.0,0.6342323,0.10061406000000161,0
2026-02-22 17:54:09,81.0,79.0,35.4,-640.0,1.0280628,77.640366,0
2026-02-22 17:54:17,79.0,80.0,35.4,-621.0,0.13954365000000002,8.307953,0
2026-02-22 17:54:25,64.0,79.0,35.4,-468.0,0.37974733000000005,0.05268872999999985,0
2026-02-22 17:54:38,71.0,78.0,35.4,-425.0,3.3364074,0.6846329000000004,0
2026-02-22 17:54:42,72.0,78.0,35.4,-389.0,2.0658894,133.72989,0
2026-02-22 17:54:46,75.0,78.0,35.4,-365.0,3.1084845,1.733648200000001,0
2026-02-22 17:54:50,75.0,78.0,35.4,-476.0,1.5604061,54.370255,0
2026-02-22 17:54:54,77.0,78.0,35.8,-615.0,1.5404589,0.21919859999999858,0
2026-02-22 17:54:58,77.0,78.0,35.8,-515.0,1.425995,66.29092,0
2026-02-22 17:55:02,77.0,78.0,35.8,-635.0,2.3824525,59.55208,0
2026-02-22 17:55:06,77.0,78.0,35.8,-592.0,2.047568,61.441895,0
2026-02-22 17:55:10,86.0,79.0,35.8,-588.0,0.0524720139999999,0.07020561399999536,0
2026-02-22 17:55:14,77.0,78.0,35.8,-608.0,3.2939532,44.57901,0
2026-02-22 17:55:18,76.0,79.0,35.8,-561.0,2.0625508,87.922485,0
2026-02-22 17:55:22,77.0,79.0,35.8,-561.0,2.0062861,51.50099,0
2026-02-22 17:55:26,77.0,79.0,35.8,-468.0,1.3692286,79.50687,0
2026-02-22 17:55:30,67.0,79.0,35.8,-519.0,3.436548,0.31013936000000086,0
2026-02-22 17:55:34,75.0,79.0,35.8,-389.0,0.5180323,0.23995120000000014,0
2026-02-22 17:55:38,77.0,79.0,35.8,-508.0,3.2501068,113.66726,0
2026-02-22 17:55:42,64.0,79.0,35.8,-358.0,2.914125,122.53915,0
2026-02-22 17:55:46,72.0,79.0,35.8,-414.0,0.5404017999999999,0.8937041000000008,0
2026-02-22 17:55:50,77.0,79.0,35.8,-708.0,1.5909850999999997,0.2350263599999991,0
2026-02-22 17:55:54,77.0,79.0,36.0,-553.0,0.17009051000000008,0.09646562000000003,0
2026-02-22 17:55:58,77.0,79.0,36.0,-567.0,0.9736502,0.020870867999999376,0
2026-02-22 17:56:02,67.0,79.0,36.0,-594.0,1.1635587,76.59791000000001,0
2026-02-22 17:56:06,80.0,79.0,36.0,-556.0,0.97826594,0.0,0
2026-02-22 17:56:10,76.0,78.0,36.0,-460.0,0.33840552,0.012641585000000788,0
2026-02-22 17:56:14,77.0,78.0,36.0,-397.0,3.02642,116.90702000000002,0
2026-02-22 17:56:18,77.0,78.0,36.0,-729.0,0.6756336699999999,0.009707379999998267,0
2026-02-22 17:56:22,77.0,78.0,36.0,-488.0,1.5157747000000001,51.906834,0
2026-02-22 17:56:26,77.0,78.0,36.0,-516.0,0.96198696,0.0,0
2026-02-22 17:56:30,77.0,78.0,36.0,-471.0,0.4007408000000001,0.13447187999999954,0
2026-02-22 17:56:34,77.0,78.0,36.0,-561.0,1.5543842,7.826836,0
2026-02-22 17:56:38,86.0,79.0,36.0,-561.0,1.7982655,49.30899,0
2026-02-22 17:56:42,77.0,79.0,36.0,-534.0,0.8362532,0.9397800600000004,0
2026-02-22 17:56:46,77.0,78.0,36.0,-532.0,1.6655006,47.90622,0
2026-02-22 17:56:50,77.0,78.0,36.0,-487.0,1.0581857000000001,0.05028568200000194,0
2026-02-22 17:56:54,77.0,78.0,36.2,-572.0,1.5424778,60.78014,0
2026-02-22 17:56:58,69.0,79.0,36.2,-506.0,2.002682,53.75733600000001,0
2026-02-22 17:57:02,77.0,79.0,36.2,-370.0,0.14766228000000003,0.15543398000000153,0
2026-02-22 17:57:06,67.0,79.0,36.2,-402.0,0.97680545,0.0,0
2026-02-22 17:57:10,69.0,79.0,36.2,-406.0,0.06871387000000007,0.08085412999999875,0
2026-02-22 17:57:14,67.0,79.0,36.2,-326.0,2.2613084,50.373657,0
2026-02-22 17:57:18,77.0,79.0,36.2,-542.0,0.012625869999999928,0.030836262000001113,0
2026-02-22 17:57:22,77.0,79.0,36.2,-677.0,1.0013287,0.07089911999999998,0
2026-02-22 17:57:26,77.0,79.0,36.2,-582.0,1.3845767000000002,55.41124,0
2026-02-22 17:57:30,75.0,79.0,36.2,-654.0,7.1680174,15.340291,0
2026-02-22 17:57:34,77.0,80.0,36.2,-580.0,1.7857907,3.9856672000000017,0
2026-02-22 17:57:38,77.0,80.0,36.2,-445.0,1.141797,1.2836697999999984,0
2026-02-22 17:57:42,77.0,80.0,36.2,-540.0,1.1628755,0.6883367299999996,0
2026-02-22 17:57:46,77.0,80.0,36.2,-460.0,0.54734164,0.18106994000000043,0
2026-02-22 17:57:50,69.0,80.0,36.2,-415.0,2.4768734,54.852203,0
2026-02-22 17:57:54,75.0,80.0,36.2,-482.0,0.47831630000000014,0.10256579500000029,0
2026-02-22 17:57:58,80.0,80.0,36.2,-423.0,0.7340001500000001,0.10950515000000038,0
2026-02-22 17:58:03,60.0,80.0,36.2,-600.0,2.9095197,102.30895000000001,0
2026-02-22 17:58:07,77.0,80.0,36.2,-702.0,1.4682463000000001,45.36835,0
2026-02-22 17:58:11,77.0,80.0,36.2,-522.0,0.65120363,0.0,0
2026-02-22 17:58:15,77.0,80.0,36.2,-503.0,0.19093439,0.09899400999999841,0
2026-02-22 17:58:19,67.0,79.0,36.2,-589.0,0.9755899,0.012644733999998437,0
2026-02-22 17:58:23,77.0,79.0,36.2,-565.0,1.17974,58.025000000000006,0
2026-02-22 17:58:27,77.0,80.0,36.2,-518.0,1.0428319,0.09515598400000158,0
2026-02-22 17:58:31,77.0,80.0,36.2,-483.0,1.5777482,53.78791,0
2026-02-22 17:58:35,83.0,79.0,36.2,-546.0,1.9606669999999997,53.550854,0
2026-02-22 17:58:39,66.0,79.0,36.2,-502.0,5.2517037,11.087444,0
2026-02-22 17:58:43,77.0,79.0,36.2,-445.0,0.9063394000000001,0.786790100000001,0
2026-02-22 17:58:47,75.0,79.0,36.2,-368.0,2.6682515,54.842859999999995,0
2026-02-22 17:58:51,72.0,79.0,36.2,-408.0,0.08131952599999992,0.13253869000000051,0
2026-02-22 17:58:55,76.0,80.0,36.7,-441.0,2.6393187,59.995537,0
2026-02-22 17:58:59,77.0,80.0,36.7,-518.0,0.0,0.0,0
2026-02-22 17:59:03,77.0,80.0,36.7,-626.0,2.3530252,1.3463548000000003,0
2026-02-22 17:59:07,72.0,80.0,36.7,-537.0,0.3637792799999999,0.08486561999999509,0
2026-02-22 17:59:11,64.0,80.0,36.7,-566.0,1.3993915,51.72187,0
2026-02-22 17:59:15,62.0,80.0,36.7,-567.0,0.4865824300000001,0.09877258999999938,0
2026-02-22 17:59:19,77.0,80.0,36.7,-556.0,0.650718,0.0,0
2026-02-22 17:59:23,77.0,80.0,36.7,-579.0,0.6516901,0.0,0
2026-02-22 17:59:27,77.0,80.0,36.7,-623.0,1.0860405,52.721996,0
2026-02-22 17:59:31,77.0,80.0,36.7,-566.0,0.69476837,0.0,0
2026-02-22 17:59:35,77.0,80.0,36.7,-506.0,1.8306293,55.227062,0
2026-02-22 17:59:39,77.0,80.0,36.7,-427.0,1.0169183,0.02017791400000135,0
2026-02-22 17:59:43,77.0,80.0,36.7,-519.0,1.9732978,50.627884,0
2026-02-22 17:59:47,60.0,80.0,36.7,-370.0,2.220763,57.183918,0
2026-02-22 17:59:51,56.0,80.0,36.7,-486.0,0.36924753,0.03449549000000118,0
2026-02-22 17:59:55,67.0,80.0,36.9,-415.0,0.89797175,1.4512602000000001,0
2026-02-22 17:59:59,77.0,80.0,36.9,-350.0,0.9904161700000002,0.04885243000000017,0
2026-02-22 18:00:03,74.0,80.0,36.9,-650.0,1.9110779,52.072556,0
2026-02-22 18:00:15,55.0,76.0,36.9,-367.0,3.8789880000000005,80.77525,0
2026-02-22 18:00:23,77.0,79.0,36.9,-338.0,0.8551297,5.886576,0
2026-02-22 18:00:27,68.0,78.0,36.9,-369.0,0.08636763999999997,0.027491669999999857,0
2026-02-22 18:00:31,66.0,79.0,36.9,-473.0,0.14939948999999997,1.3754470000000012,0
2026-02-22 18:00:35,68.0,78.0,36.9,-447.0,0.15233016,0.11618813999999844,0
2026-02-22 18:00:43,77.0,79.0,36.9,-455.0,3.7089474000000004,9.889394,0
2026-02-22 18:00:47,72.0,79.0,36.9,-415.0,0.14263304,0.09063394000000002,0
2026-02-22 18:00:51,57.0,79.0,36.9,-396.0,1.0910375,53.81423000000001,0
2026-02-22 18:00:55,55.0,79.0,37.0,-561.0,0.33694687,1.460832400000001,0
2026-02-22 18:00:59,55.0,79.0,37.0,-397.0,0.9653879000000001,0.30511504000000045,0
2026-02-22 18:01:03,71.0,79.0,37.0,-600.0,0.012632151999999897,0.03206623000000164,0
2026-02-22 18:01:07,83.0,78.0,37.0,-730.0,1.642268,4.936282599999998,0
2026-02-22 18:01:15,76.0,79.0,37.0,-431.0,6.410212500000001,56.648415,0
2026-02-22 18:01:19,63.0,78.0,37.0,-519.0,1.899385,1.079422600000001,0
2026-02-22 18:01:23,69.0,79.0,37.0,-441.0,1.3695247,45.8439,0
2026-02-22 18:01:27,77.0,79.0,37.0,-595.0,1.3273289000000001,55.486861999999995,0
2026-02-22 18:01:32,75.0,79.0,37.0,-496.0,0.48694550000000003,0.8148140300000009,0
2026-02-22 18:01:36,77.0,79.0,37.0,-559.0,0.25659367,0.09427874000000003,0
2026-02-22 18:01:40,77.0,79.0,37.0,-636.0,1.2417058,50.35246,0
2026-02-22 18:01:44,61.0,79.0,37.0,-603.0,0.4001547999999999,0.823647900000001,0
2026-02-22 18:01:48,77.0,79.0,37.0,-487.0,0.02533362600000011,0.060898135999998715,0
2026-02-22 18:01:52,77.0,79.0,37.0,-527.0,1.5616257000000002,49.34373,0
2026-02-22 18:01:56,83.0,79.0,37.0,-604.0,0.40412834,0.06363078000000044,0
2026-02-22 18:02:00,77.0,79.0,37.0,-418.0,0.20271956999999996,0.029725706000000685,0
2026-02-22 18:02:04,66.0,79.0,37.0,-406.0,1.1428118,53.00383,0
2026-02-22 18:02:08,75.0,79.0,37.0,-428.0,0.15830900000000003,0.0332643130000001,0
2026-02-22 18:02:12,77.0,79.0,37.0,-528.0,1.0130014000000003,0.2779073399999987,0
2026-02-22 18:02:16,77.0,80.0,37.0,-419.0,0.2070244400000001,0.1419040900000006,0
2026-02-22 18:02:20,77.0,80.0,37.0,-544.0,0.0,0.0,0
2026-02-22 18:02:24,77.0,80.0,37.0,-503.0,0.0126415849999999,0.03233328499999999,0
2026-02-22 18:02:28,77.0,80.0,37.0,-551.0,1.056768,61.715927,0
2026-02-22 18:02:32,71.0,81.0,37.0,-594.0,2.2952018,9.425252,0
2026-02-22 18:02:36,72.0,80.0,37.0,-501.0,0.12719831000000004,0.06359915399999849,0
2026-02-22 18:02:40,77.0,80.0,37.0,-594.0,2.1791024,123.39847600000002,0
2026-02-22 18:02:44,77.0,79.0,37.0,-604.0,2.550832,57.47615400000001,0
2026-02-22 18:02:48,77.0,79.0,37.0,-639.0,1.5166386,8.219563500000001,0
2026-02-22 18:02:52,75.0,80.0,37.0,-500.0,0.012660496000000077,0.03213818000000046,0
2026-02-22 18:02:56,77.0,81.0,37.1,-652.0,1.3383423,65.610825,0
2026-02-22 18:03:08,48.0,79.0,37.1,-911.0,2.1117496,13.549988000000003,0
2026-02-22 18:03:16,42.0,77.0,37.1,-218.0,0.36542183000000006,5.569709,0
2026-02-22 18:03:20,35.0,77.0,37.1,-285.0,1.4212711,0.6240970499999996,0
2026-02-22 18:03:24,38.0,77.0,37.1,-466.0,2.149946,1.1145074000000008,0
2026-02-22 18:03:28,38.0,79.0,37.1,-221.0,1.7561140999999998,0.19604036000000136,0
2026-02-22 18:03:32,39.0,78.0,37.1,-257.0,1.8684701999999997,0.1651860599999999,0
2026-02-22 18:03:36,41.0,78.0,37.1,-219.0,0.22909417999999993,0.06358334400000132,0
2026-02-22 18:03:40,60.0,79.0,37.1,-223.0,0.94553745,1.0468536999999998,0
2026-02-22 18:03:44,47.0,79.0,37.1,-238.0,0.2045667,0.23525169999999918,0
2026-02-22 18:03:52,75.0,78.0,37.1,-420.0,2.9751825,12.349842000000002,0
2026-02-22 18:03:56,59.0,78.0,36.9,-469.0,1.0878503,0.31806925000000064,0
2026-02-22 18:04:00,74.0,78.0,36.9,-639.0,2.8032176,0.16385277999999914,0
2026-02-22 18:04:04,70.0,79.0,36.9,-406.0,0.03273800400000004,0.05965591600000053,0
2026-02-22 18:04:08,79.0,79.0,36.9,-537.0,0.60947204,0.06526592000000164,0
2026-02-22 18:04:12,77.0,79.0,36.9,-487.0,0.012613325000000009,0.03104818599999959,0
2026-02-22 18:04:16,86.0,78.0,36.9,-623.0,0.7565985,0.12569374999999638,0
2026-02-22 18:04:20,77.0,78.0,36.9,-531.0,0.02528317000000002,0.052268089999998324,0
2026-02-22 18:04:24,77.0,79.0,36.9,-526.0,0.012635294000000075,0.03328914200000099,0
2026-02-22 18:04:28,66.0,79.0,36.9,-457.0,0.0,0.0,0
2026-02-22 18:04:32,77.0,79.0,36.9,-526.0,0.0,0.15555001999999973,0
2026-02-22 18:04:36,74.0,79.0,36.9,-544.0,1.0503526,0.17461228000000162,0
2026-02-22 18:04:40,69.0,79.0,36.9,-425.0,0.18283231999999994,0.4720133199999985,0
2026-02-22 18:04:44,52.0,79.0,36.9,-430.0,0.15074455999999992,0.3786820000000013,0
2026-02-22 18:04:48,74.0,78.0,36.9,-549.0,0.03421851599999992,0.035189252000002114,0
2026-02-22 18:04:52,55.0,81.0,36.9,-397.0,3.9560130000000004,4.165258999999999,0
2026-02-22 18:04:56,58.0,81.0,36.9,-771.0,2.022497,0.9110850699999986,0
2026-02-22 18:05:08,49.0,81.0,36.9,-428.0,7.0914664,0.8304070000000046,0
2026-02-22 18:05:12,52.0,82.0,36.9,-326.0,0.09719342999999991,0.09037284000000056,0
2026-02-22 18:05:17,55.0,81.0,36.9,-364.0,0.15773744999999995,0.12662745000000086,0
2026-02-22 18:05:21,49.0,82.0,36.9,-313.0,0.41800572999999996,0.7742468000000002,0
2026-02-22 18:05:25,50.0,81.0,36.9,-388.0,0.0,0.0,0
2026-02-22 18:13:36,46.0,77.0,38.4,-263.0,4.6576014,0.5363667600000035,0
2026-02-22 18:13:40,55.0,74.0,38.4,-233.0,2.6596367,0.7155133000000014,0
2026-02-22 18:13:44,37.0,76.0,38.4,-238.0,0.2390886000000001,0.0667110760000007,0
2026-02-22 18:13:48,39.0,76.0,38.4,-192.0,3.9152157,1.0572561,0
2026-02-22 18:13:52,29.0,76.0,38.4,-192.99999999999997,0.14571935000000003,0.0,1
2026-02-22 18:13:56,32.0,76.0,38.4,-196.0,0.07271501000000002,0.022784036000000896,0
2026-02-22 18:14:00,37.0,76.0,38.4,-233.0,3.9018862,1.8546928999999999,0
2026-02-22 18:14:36,76.0,74.0,36.1,-35.00000000000006,0.0,0.0,1
2026-02-22 18:14:57,86.0,76.0,35.7,-82.0,0.4294070299999999,0.21470352000000048,0
2026-02-22 18:15:01,86.0,76.0,35.7,-285.0,5.058155,11.206359,0
2026-02-22 18:15:05,30.999999999999996,75.0,35.7,-146.00000000000003,1.9933379,3.004507799999999,1
2026-02-22 18:15:13,59.0,73.0,35.7,-417.0,7.384021,8.813665000000002,0
2026-02-22 18:15:17,32.0,73.0,35.7,-150.00000000000003,0.0,0.0,1
2026-02-22 18:15:37,33.0,76.0,35.7,-441.0,6.560603,33.06108,1
2026-02-22 18:15:41,39.0,76.0,35.7,-194.99999999999997,3.6175988000000006,0.3611777399999987,1
2026-02-22 18:15:45,30.999999999999996,75.0,35.7,-244.0,6.550701600000001,1.9142182000000005,1
2026-02-22 18:15:49,26.0,75.0,35.7,-148.0,1.7134851999999998,7.178975000000003,1
2026-02-22 18:15:53,26.0,75.0,35.7,-157.0,3.3968863,0.26897874000000144,1
2026-02-22 18:15:57,29.0,75.0,35.3,-114.99999999999994,1.4157854,0.0,1
2026-02-22 18:16:01,26.0,75.0,35.3,-97.0,4.154089,1.7882223999999987,1
2026-02-22 18:16:05,26.0,75.0,35.3,-141.99999999999997,0.9436229,0.0,1
2026-02-22 18:16:09,30.0,75.0,35.3,-112.0,1.4129555000000003,0.013062763000000643,1
2026-02-22 18:16:13,46.0,75.0,35.3,-131.0,3.8699467,12.092917,1
2026-02-22 18:16:17,38.0,75.0,35.3,-260.0,1.7428927,0.20563034999999985,1
2026-02-22 18:16:21,52.0,74.0,35.3,-525.0,2.7294667,0.3654516000000001,0
2026-02-22 18:16:25,53.0,74.0,35.3,-316.0,2.4097629,0.0,1
2026-02-22 18:16:49,48.0,77.0,35.3,-304.0,1.2516608000000002,0.4443335200000007,0
2026-02-22 18:17:05,27.0,77.0,35.3,-111.0,8.990784,0.8027572599999999,1
2026-02-22 18:17:09,42.0,76.0,35.3,-159.0,4.352478,0.5388182000000015,1
2026-02-22 18:17:13,24.0,76.0,35.3,-98.0,0.2438977,0.6235909999999976,1
2026-02-22 18:17:17,58.0,76.0,35.3,-356.0,1.3096629,0.0,0
2026-02-22 18:17:37,29.0,76.0,35.3,-124.99999999999997,0.8518023500000002,0.15860981000000507,1
2026-02-22 18:17:41,24.0,76.0,35.3,-110.0,1.3191568,0.08649416000000087,1
2026-02-22 18:17:46,47.0,77.0,35.3,-89.0,2.293955,0.7498259500000017,1
2026-02-22 18:17:50,35.0,77.0,35.3,-104.0,0.6177460999999999,0.0,1
2026-02-22 18:17:54,47.0,77.0,35.3,-104.0,0.9458256400000001,0.030978935000000263,1
2026-02-22 18:17:58,41.0,77.0,35.5,-192.0,2.1184306,0.12822080000000113,1
2026-02-22 18:18:26,47.0,78.0,35.5,-259.0,6.750586000000001,47.747974,1
2026-02-22 18:18:38,43.0,77.0,35.5,-186.0,5.784161,65.311386,1
2026-02-22 18:18:46,25.000000000000004,77.0,35.5,-104.0,1.5443088,1.3810241999999988,1
2026-02-22 18:18:50,45.0,77.0,35.5,-100.0,0.23211190000000004,0.012572727999998534,1
2026-02-22 18:18:58,42.0,77.0,35.5,-293.0,4.927783999999999,16.585846000000004,1
2026-02-22 18:19:02,27.0,76.0,35.5,-170.00000000000003,2.4237254,0.818161700000001,1
2026-02-22 18:19:06,74.0,76.0,35.5,-335.0,0.5129248499999999,1.0251249000000016,0
2026-02-22 18:19:10,41.0,75.0,35.5,-113.0,8.147759,6.987132500000001,1
2026-02-22 18:19:14,41.0,75.0,35.5,-208.0,4.922816,1.2946483999999998,1
2026-02-22 18:19:26,24.0,75.0,35.5,-112.0,3.2153041,1.1676184999999997,1
2026-02-22 18:20:10,42.0,75.0,35.5,-169.0,3.015933,0.4169347600000002,1
2026-02-22 18:20:22,39.0,78.0,35.5,-298.0,4.7230425,118.08139,1
2026-02-22 18:20:35,32.0,78.0,35.5,-301.0,5.801414,4.518245,1
2026-02-22 18:20:43,35.0,78.0,35.5,-182.0,2.0652733,1.4436035999999994,1
2026-02-22 18:20:51,35.0,78.0,35.5,-211.0,0.3649951199999999,0.24973350999999866,1
2026-02-22 18:20:55,74.0,77.0,35.5,-232.0,2.4886203,87.595695,0
2026-02-22 18:21:03,37.0,78.0,35.6,-372.0,6.071788,72.94038,1
2026-02-22 18:21:07,46.0,78.0,35.6,-617.0,4.659549,4.037967700000003,0
2026-02-22 18:21:11,42.0,78.0,35.6,-287.0,2.4808192,57.557827,1
2026-02-22 18:21:15,86.0,78.0,35.6,-197.00000000000003,0.6617304000000002,0.3468983200000011,0
2026-02-22 18:21:23,49.0,77.0,35.6,-165.00000000000003,3.8484626000000004,117.00904,1
2026-02-22 18:21:31,45.0,77.0,35.6,-248.0,5.4064236,3.0105804999999997,1
2026-02-22 18:21:43,68.0,78.0,35.6,-192.99999999999997,3.4978073,3.045064,0
2026-02-22 18:21:51,26.0,75.0,35.6,-114.99999999999994,4.3006167,6.849058599999999,1
2026-02-22 18:21:55,26.0,75.0,35.6,-119.99999999999997,0.17482719999999996,0.24141651000000053,1
2026-02-22 18:21:59,39.0,76.0,35.9,-182.99999999999997,1.3029712,0.7089945700000015,1
2026-02-22 18:22:19,33.0,68.0,35.9,-218.0,1.8895102,59.49262,1
2026-02-22 18:22:23,46.0,68.0,35.9,-371.0,2.8881059,120.16242,1
2026-02-22 18:22:35,38.0,69.0,35.9,-243.0,2.7261763,124.9527,1
2026-02-22 18:22:39,48.0,68.0,35.9,-213.0,2.4910374,104.54863,1
2026-02-22 18:22:43,44.0,67.0,35.9,-407.0,2.305523,64.05458,1
2026-02-22 18:22:55,35.0,67.0,35.9,-197.00000000000003,0.05671770500000006,0.02205688500000136,1
2026-02-22 18:22:59,35.0,67.0,35.9,-202.0,1.7411766999999998,0.6145044599999991,1
2026-02-22 18:23:03,37.0,68.0,35.9,-122.00000000000006,2.9972956,0.5083940600000005,1
2026-02-22 18:23:07,37.0,68.0,35.9,-158.0,1.6054443999999999,7.575941000000002,1
2026-02-22 18:23:11,35.0,68.0,36.1,-180.00000000000003,0.8089091000000002,0.46316962999999944,1
2026-02-22 18:23:19,40.0,69.0,36.1,-199.0,1.1306288000000002,5.7164693,1
2026-02-22 18:23:27,37.0,67.0,36.1,-357.0,4.335294,109.86401000000001,1
2026-02-22 18:23:31,34.0,67.0,36.1,-176.00000000000003,3.4743042,53.144904999999994,1
2026-02-22 18:23:35,37.0,67.0,36.1,-191.0,0.12915435000000008,2.5553589999999993,1
2026-02-22 18:23:43,54.0,67.0,36.1,-247.0,1.6553925,25.055219999999995,1
2026-02-22 18:23:52,39.0,67.0,36.1,-152.00000000000006,1.5168091,33.71575,1
2026-02-22 18:23:56,40.0,67.0,36.1,-289.0,1.5264244,61.138195,1
2026-02-22 18:24:00,42.0,68.0,36.1,-251.0,3.9758829999999996,7.702106000000001,1
2026-02-22 18:24:04,35.0,68.0,36.1,-172.99999999999997,0.012651033999999894,0.0,1
2026-02-22 18:24:16,37.0,69.0,36.1,-192.99999999999997,0.58263046,0.1809169699999984,1
2026-02-22 18:24:20,37.0,69.0,36.1,-219.0,0.1462297400000001,0.09045388999999915,1
2026-02-22 18:24:24,82.0,70.0,36.1,-740.0,3.3825366,103.6457,0
2026-02-22 18:24:28,42.0,69.0,36.1,-241.0,4.4930654,6.745208000000002,1
2026-02-22 18:24:32,36.0,70.0,36.1,-175.00000000000003,5.383863400000001,1.2480055000000014,1
2026-02-22 18:24:52,86.0,69.0,36.1,-987.0,3.6142778,4.082259700000002,0
2026-02-22 18:24:56,37.0,69.0,36.1,-263.0,0.20532353000000003,0.13242759999999976,1
2026-02-22 18:25:00,35.0,69.0,36.1,-221.0,1.0242472,0.052793737999998314,1
2026-02-22 18:25:04,35.0,69.0,36.1,-185.00000000000003,0.030062998000000007,0.25795989999999946,1
2026-02-22 18:25:08,36.0,69.0,36.1,-185.00000000000003,0.23547971000000012,0.21512961000000175,1
2026-02-22 18:25:12,35.0,69.0,36.1,-212.0,0.1015586260000001,0.06520112600000161,1
2026-02-22 18:25:16,35.0,69.0,36.1,-172.0,0.17676435000000001,0.13463147999999947,1
2026-02-22 18:25:20,42.0,69.0,36.1,-207.0,1.8961365999999997,2.372656599999999,1
2026-02-22 18:25:24,36.0,69.0,36.1,-165.00000000000003,0.6864103,1.5340433000000004,1
2026-02-22 18:25:28,86.0,69.0,36.1,-246.0,0.07443015999999991,0.07661214999999899,0
2026-02-22 18:25:32,86.0,70.0,36.1,-171.0,2.4387355,4.797102500000001,1
2026-02-22 18:25:36,43.0,70.0,36.1,-333.0,8.013264,7.106542600000001,1
2026-02-22 18:25:40,39.0,70.0,36.1,-286.0,0.14079425000000012,0.1172069599999972,1
2026-02-22 18:25:44,86.0,71.0,36.1,-556.0,0.09169716000000006,0.08391384000000102,0
2026-02-22 18:25:52,37.0,70.0,35.4,-206.0,5.7527347,14.036838000000003,1
2026-02-22 18:25:56,35.0,70.0,35.4,-182.99999999999997,0.29423007,0.16033477999999945,1
2026-02-22 18:26:00,59.0,70.0,35.4,-469.0,0.08676774999999992,0.08749688400000011,0
2026-02-22 18:26:04,35.0,70.0,35.4,-198.00000000000003,2.3953786,7.757948400000002,1
2026-02-22 18:26:08,35.0,70.0,35.4,-214.0,8.723892999999999,10.434513000000003,1
2026-02-22 18:26:12,35.0,70.0,35.4,-162.99999999999997,0.89752597,2.082589900000002,1
2026-02-22 18:26:16,36.0,70.0,35.4,-182.0,0.13905900000000004,0.08140039399999921,1
2026-02-22 18:26:20,37.0,70.0,35.4,-160.00000000000003,0.61944324,1.7732320000000001,1
2026-02-22 18:26:24,35.0,70.0,35.4,-154.0,2.6953707,9.430886,1
2026-02-22 18:26:28,35.0,70.0,35.4,-246.0,0.1268924600000001,0.15091226999999918,1
2026-02-22 18:26:32,35.0,70.0,35.4,-476.0,1.6963136,0.5155629499999996,1
2026-02-22 18:26:36,42.0,70.0,35.4,-188.0,3.3886185,0.20496655000000175,1
2026-02-22 18:26:40,35.0,71.0,35.4,-162.0,0.09943092599999992,0.1487817299999996,1
2026-02-22 18:26:44,35.0,71.0,35.4,-153.0,1.0136656,1.8212030000000006,1
2026-02-22 18:26:49,36.0,71.0,35.4,-152.00000000000006,0.03029039900000008,0.04361817199999862,1
2026-02-22 18:26:53,35.0,71.0,34.6,-192.99999999999997,0.022051409999999994,0.02277837899999824,1
2026-02-22 18:26:57,35.0,71.0,34.6,-161.00000000000003,0.15184504,0.11570301000000072,1
2026-02-22 18:27:01,36.0,71.0,34.6,-204.0,3.1905568,3.5685262999999985,1
2026-02-22 18:27:05,42.0,71.0,34.6,-156.0,0.18436220000000003,0.15892458000000076,1
2026-02-22 18:27:09,40.0,71.0,34.6,-340.0,1.2160876000000003,0.11198888999999568,1
2026-02-22 18:27:13,50.0,71.0,34.6,-196.0,3.0861707,2.304240499999999,1
2026-02-22 18:27:17,38.0,71.0,34.6,-155.00000000000003,0.3173280700000001,1.0729289999999985,1
2026-02-22 18:27:21,35.0,71.0,34.6,-148.0,0.04441126400000006,0.14172775000000115,1
2026-02-22 18:27:25,35.0,71.0,34.6,-160.00000000000003,0.52829236,1.5800125999999999,1
2026-02-22 18:27:29,36.0,71.0,34.6,-170.00000000000003,2.2628322,0.978752140000001,1
2026-02-22 18:27:33,35.0,71.0,34.6,-199.0,0.1602949600000001,0.11858432000000008,1
2026-02-22 18:27:45,35.0,71.0,34.6,-186.0,0.3716659200000001,0.031032769999999488,1
2026-02-22 18:27:49,35.0,71.0,34.6,-160.00000000000003,0.43736812000000014,51.792,1
2026-02-22 18:27:53,37.0,71.0,34.6,-179.0,0.56517404,51.789345,1
2026-02-22 18:27:57,35.0,72.0,34.6,-309.0,6.8053746,8.747341,1
2026-02-22 18:28:05,36.0,71.0,34.6,-209.0,0.014593711000000065,0.0,1
2026-02-22 18:28:09,35.0,71.0,34.6,-162.0,0.8072949,51.763634,1
2026-02-22 18:28:13,38.0,72.0,34.6,-158.0,0.5539110999999999,0.15625,1
2026-02-22 18:28:21,38.0,72.0,34.6,-172.0,1.0242591,2.1222531999999994,1
2026-02-22 18:28:25,35.0,72.0,34.6,-203.0,1.528427,61.04486,1
2026-02-22 18:28:29,35.0,73.0,34.6,-170.00000000000003,0.7485524000000001,51.685287,1
2026-02-22 18:28:33,43.0,73.0,34.6,-201.0,3.0373592,52.431248,1
2026-02-22 18:28:37,43.0,72.0,34.6,-253.0,8.443622,57.426735,1
2026-02-22 18:28:41,36.0,72.0,34.6,-160.00000000000003,0.5770595999999999,52.153435,1
2026-02-22 18:28:45,35.0,72.0,34.6,-167.99999999999997,0.56891376,52.16037,1
2026-02-22 18:28:49,73.0,72.0,34.6,-167.99999999999997,0.75836337,28.98873,1
2026-02-22 18:28:53,26.0,72.0,33.8,-309.0,3.1251943,58.448759999999986,1
2026-02-22 18:28:57,35.0,73.0,33.8,-279.0,0.37418324000000003,0.054078332999999645,1
2026-02-22 18:29:01,36.0,73.0,33.8,-223.0,0.45017975999999993,51.713886,1
2026-02-22 18:29:05,35.0,73.0,33.8,-154.0,0.43467462,51.675583,1
2026-02-22 18:29:09,35.0,73.0,33.8,-155.00000000000003,0.37427619999999995,0.0346866470000009,1
2026-02-22 18:29:17,35.0,73.0,33.8,-180.00000000000003,0.5519912999999999,0.16778589999999838,1
2026-02-22 18:29:21,35.0,73.0,33.8,-172.0,2.8559847,3.9578905000000013,1
2026-02-22 18:29:25,37.0,73.0,33.8,-165.00000000000003,2.0740745,120.77187,1
2026-02-22 18:29:29,36.0,73.0,33.8,-166.0,0.6997646,51.738148,1
2026-02-22 18:29:33,39.0,73.0,33.8,-210.0,6.188695,52.03621,1
2026-02-22 18:29:38,35.0,73.0,33.8,-184.0,0.15010981,0.14186468999999846,1
2026-02-22 18:29:42,37.0,73.0,33.8,-181.0,1.0352484,52.079132,1
2026-02-22 18:29:46,55.0,72.0,33.8,-171.0,0.48039593999999997,52.080746,1
2026-02-22 18:29:50,35.0,73.0,33.8,-171.0,0.44701287,51.900726,1
2026-02-22 18:29:54,44.0,73.0,33.3,-219.0,0.9804416300000001,56.480858,1
2026-02-22 18:29:58,47.0,73.0,33.3,-172.99999999999997,2.6811783,52.691902,1
2026-02-22 18:30:02,35.0,73.0,33.3,-536.0,1.5598817,44.726467,1
2026-02-22 18:30:06,42.0,73.0,33.3,-171.0,0.014553837500000055,0.009702559000000832,1
2026-02-22 18:30:10,40.0,73.0,33.3,-172.99999999999997,0.04930171400000005,0.022100769000001463,1
2026-02-22 18:30:14,35.0,73.0,33.3,-165.00000000000003,0.6201475,0.19143051,1
2026-02-22 18:30:18,35.0,73.0,33.3,-165.00000000000003,0.05694595000000002,0.03780241700000175,1
2026-02-22 18:30:22,35.0,73.0,33.3,-228.0,1.9407573,1.905836799999996,1
2026-02-22 18:30:26,50.0,73.0,33.3,-231.0,3.3582563,99.986626,1
2026-02-22 18:30:30,35.0,73.0,33.3,-208.0,1.6110481,53.00974,1
2026-02-22 18:30:42,35.0,73.0,33.3,-246.0,0.879076,58.510815,1
2026-02-22 18:30:46,36.0,73.0,32.5,-172.0,2.4645424,52.55171,1
2026-02-22 18:30:50,35.0,72.0,32.5,-169.0,0.4276704,51.67029,1
2026-02-22 18:30:54,37.0,72.0,32.5,-192.99999999999997,0.9649338000000001,51.83146,1
2026-02-22 18:30:58,37.0,72.0,32.5,-157.0,0.6115037000000001,54.35761299999999,1
2026-02-22 18:31:02,38.0,73.0,32.5,-169.0,0.7950344700000002,51.79203,1
2026-02-22 18:31:06,45.0,72.0,32.5,-180.00000000000003,0.029100448000000112,0.0,1
2026-02-22 18:31:10,35.0,73.0,32.5,-155.00000000000003,0.41454180000000007,51.675827,1
2026-02-22 18:31:14,42.0,73.0,32.5,-180.00000000000003,0.85458314,8.611065000000002,1
2026-02-22 18:31:18,45.0,73.0,32.5,-371.0,1.8465601,8.257452,1
2026-02-22 18:31:22,35.0,73.0,32.5,-210.0,2.7923658,55.399624,1
2026-02-22 18:31:26,35.0,73.0,32.5,-196.0,0.4131610400000001,0.07487786600000135,1
2026-02-22 18:31:30,86.0,73.0,32.5,-161.00000000000003,0.10826474000000008,0.09663898999999887,1
2026-02-22 18:31:34,37.0,73.0,32.5,-167.0,4.2569857,58.537567,1
2026-02-22 18:31:38,38.0,73.0,32.5,-196.0,5.2922997,0.20995609999999942,1
2026-02-22 18:31:42,38.0,73.0,32.5,-209.0,0.1644125999999999,0.11073671999999846,1
2026-02-22 18:31:46,50.0,73.0,32.3,-449.0,0.95038515,51.93815,1
2026-02-22 18:31:50,50.0,73.0,32.3,-200.0,2.9691103,2.0441377000000003,1
2026-02-22 18:31:54,50.0,73.0,32.3,-196.0,0.9301175000000002,51.99612,1
2026-02-22 18:31:58,50.0,73.0,32.3,-221.0,0.043704940000000025,0.0,1
2026-02-22 18:32:02,50.0,73.0,32.3,-230.0,0.5209791700000002,51.99241,1
2026-02-22 18:32:06,51.0,73.0,32.3,-197.00000000000003,0.3405199299999999,0.0,1
2026-02-22 18:32:10,50.0,73.0,32.3,-199.0,0.39631795999999997,51.829826,1
2026-02-22 18:32:14,50.0,73.0,32.3,-188.0,0.22300607000000006,0.1348239299999996,1
2026-02-22 18:32:18,50.0,73.0,32.3,-242.0,0.78149325,51.916157,1
2026-02-22 18:32:22,50.0,73.0,32.3,-199.0,0.5658904999999999,1.5441560999999986,1
2026-02-22 18:32:26,35.0,73.0,32.3,-167.99999999999997,0.3984977599999999,0.0,1
2026-02-22 18:32:31,35.0,73.0,32.3,-158.0,0.46062896,51.852413,1
2026-02-22 18:32:35,35.0,73.0,32.3,-172.99999999999997,0.26582854999999994,0.1618719000000013,1
2026-02-22 18:32:39,44.0,73.0,32.3,-191.0,5.0122104,35.208546,1
2026-02-22 18:32:43,37.0,73.0,32.3,-316.0,0.1060267800000001,0.07375775999999945,1
2026-02-22 18:32:47,35.0,73.0,32.2,-160.00000000000003,0.07836762000000008,0.03469526399999978,1
2026-02-22 18:32:51,35.0,72.0,32.2,-162.0,2.792082,53.25330000000001,1
2026-02-22 18:32:55,75.0,75.0,32.2,-930.0,0.15544489000000006,0.13337705,0
2026-02-22 18:33:03,69.0,73.0,32.2,-201.0,7.081416,17.48738,1
2026-02-22 18:33:11,49.0,74.0,32.2,-313.0,2.4789662,17.716938,1
2026-02-22 18:33:35,34.0,77.0,32.2,-159.0,0.19681528000000004,5.4463539999999995,1
2026-02-22 18:33:43,90.0,75.0,32.2,-269.0,0.5174759599999998,5.867403500000002,0
2026-02-22 18:33:51,26.0,74.0,32.2,-145.00000000000003,0.09869901999999997,0.12319189000000108,1
2026-02-22 18:33:55,50.0,74.0,32.2,-123.0,0.67962164,0.0617617629999998,1
2026-02-22 18:33:59,46.0,74.0,32.2,-145.00000000000003,4.0432944,0.282593219999999,1
2026-02-22 18:34:03,46.0,74.0,32.2,-236.0,0.6550144,0.0637258739999993,1
2026-02-22 18:34:07,43.0,74.0,32.2,-124.0,1.7230740999999998,5.9779230000000005,1
2026-02-22 18:34:11,45.0,75.0,32.2,-172.0,0.19959116999999993,0.2851649800000011,1
2026-02-22 18:34:15,27.0,74.0,32.2,-138.0,0.6997646,0.06191532700000124,1
2026-02-22 18:34:19,69.0,74.0,32.2,-144.0,0.058385402000000086,0.0,1
2026-02-22 18:34:23,48.0,73.0,32.2,-179.0,1.34335,0.9479186499999983,1
2026-02-22 18:34:27,30.999999999999996,73.0,32.2,-172.99999999999997,0.37119093999999997,0.0,1
2026-02-22 18:34:31,26.0,73.0,32.2,-162.99999999999997,0.6972676,0.0,1
2026-02-22 18:34:35,32.0,73.0,32.2,-133.0,0.50608754,0.03512814600000169,1
2026-02-22 18:34:39,50.0,74.0,32.2,-199.0,1.2235539000000002,0.07691187400000032,1
2026-02-22 18:34:43,62.0,75.0,32.2,-526.0,4.8920555,10.244299000000002,1
2026-02-22 18:34:55,49.0,76.0,32.2,-201.0,8.136396,11.645446000000002,1
2026-02-22 18:34:59,49.0,77.0,32.2,-410.0,3.9693406000000007,18.797064,1
2026-02-22 18:35:03,63.0,76.0,32.2,-229.0,4.9777894,3.0818945999999983,1
2026-02-22 18:35:07,44.0,77.0,32.2,-271.0,0.49168729999999994,0.2958395799999991,1
2026-02-22 18:35:11,52.0,77.0,32.2,-344.0,0.5817664000000001,0.5010127000000004,1
2026-02-22 18:35:15,49.0,77.0,32.2,-251.0,0.17461228000000006,0.012663652000000525,1
2026-02-22 18:35:19,49.0,77.0,32.2,-316.0,1.3909135,2.7175185999999982,1
2026-02-22 18:35:23,44.0,77.0,32.2,-212.0,0.10228335,0.0,1
2026-02-22 18:35:27,44.0,77.0,32.2,-309.0,0.35923722,0.01261332500000023,1
2026-02-22 18:35:31,52.0,77.0,32.2,-231.0,3.9618247,26.438536,1
2026-02-22 18:35:35,61.0,77.0,32.2,-271.0,1.8519254999999997,20.606342,1
2026-02-22 18:35:47,36.0,71.0,32.5,-324.0,6.2186236,6.752997000000001,1
2026-02-22 18:35:51,98.0,70.0,32.5,-256.0,2.3594604,51.796364,1
2026-02-22 18:35:59,40.0,69.0,32.5,-264.0,0.22957870000000002,0.511799700000001,1
2026-02-22 18:36:04,35.0,69.0,32.5,-206.0,0.1450532499999999,0.06888816500000061,1
2026-02-22 18:36:08,40.0,69.0,32.5,-190.00000000000003,1.5105557,0.05577586000000068,1
2026-02-22 18:36:12,41.0,69.0,32.5,-176.00000000000003,2.7519324,78.822685,1
2026-02-22 18:36:16,35.0,69.0,32.5,-222.0,1.6193509,2.2094635999999994,1
2026-02-22 18:36:20,36.0,69.0,32.5,-214.0,3.9979165000000005,33.513046,1
2026-02-22 18:36:28,37.0,70.0,32.5,-196.0,1.6228349,46.824074,1
2026-02-22 18:36:32,44.0,70.0,32.5,-243.0,4.5012064,62.617104,1
2026-02-22 18:36:36,37.0,70.0,32.5,-176.00000000000003,0.8916229,21.413996000000004,1
2026-02-22 18:36:44,35.0,69.0,32.5,-249.0,1.3997477000000003,62.128647,1
2026-02-22 18:36:48,35.0,69.0,32.5,-206.0,0.6581497999999999,12.363571,1
2026-02-22 18:36:52,37.0,69.0,32.5,-140.00000000000003,1.4460311,60.11552,1
2026-02-22 18:36:56,35.0,69.0,32.5,-223.0,1.4665409,41.626343,1
2026-02-22 18:37:00,40.0,69.0,32.5,-237.0,2.5666595,62.2153,1
2026-02-22 18:37:04,39.0,69.0,32.5,-214.0,0.8847822,27.603552,1
2026-02-22 18:37:08,35.0,69.0,32.5,-237.0,2.7344234,104.74421000000001,1
2026-02-22 18:37:12,36.0,70.0,32.5,-271.0,0.08218835000000002,0.030305440999999433,1
2026-02-22 18:37:16,35.0,70.0,32.5,-180.00000000000003,1.4575669000000002,61.87273,1
2026-02-22 18:37:20,35.0,70.0,32.5,-196.0,1.8520512999999998,66.73614,1
2026-02-22 18:37:24,38.0,70.0,32.5,-226.0,0.825165,22.478404999999995,1
2026-02-22 18:37:28,35.0,70.0,32.5,-191.0,3.6623518000000006,65.062744,1
2026-02-22 18:37:32,35.0,69.0,32.5,-182.99999999999997,2.9735591,104.31865000000002,1
2026-02-22 18:37:36,36.0,69.0,32.5,-157.0,0.014792726999999894,0.0223103430000009,1
2026-02-22 18:37:40,35.0,70.0,32.5,-207.0,1.9773635,63.331863,1
2026-02-22 18:37:44,37.0,70.0,32.5,-237.0,2.302417,85.03274,1
2026-02-22 18:37:48,35.0,70.0,32.1,-180.00000000000003,0.11155172000000002,0.05577586000000068,1
2026-02-22 18:37:52,35.0,70.0,32.1,-509.0,5.089617,105.44402,1
2026-02-22 18:37:56,60.0,71.0,32.1,-272.0,4.7463613,33.474083,1
2026-02-22 18:38:04,37.0,70.0,32.1,-276.0,1.3751496,109.4272,1
2026-02-22 18:38:12,37.0,71.0,32.1,-388.0,1.0843413,53.750023,1
2026-02-22 18:38:16,36.0,71.0,32.1,-181.0,1.0560642,41.39811,1
2026-02-22 18:38:20,43.0,71.0,32.1,-181.0,0.67141706,119.75043,1
2026-02-22 18:38:24,38.0,71.0,32.1,-162.99999999999997,0.9187461,5.2569184,1
2026-02-22 18:38:32,68.0,71.0,32.1,-758.0,8.390834,73.31823,0
2026-02-22 18:38:36,39.0,72.0,32.1,-225.0,4.0681167,108.50107,1
2026-02-22 18:38:44,36.0,70.0,32.1,-241.0,3.4014168,107.3323,1
2026-02-22 18:38:53,35.0,70.0,32.1,-285.0,1.1574163,10.430865000000002,1
2026-02-22 18:39:01,40.0,71.0,32.1,-248.0,0.10453617999999998,0.11644845000000004,1
2026-02-22 18:39:05,43.0,71.0,32.1,-243.0,2.745961,94.97330999999997,1
2026-02-22 18:39:09,52.0,71.0,32.1,-211.0,0.08459178999999994,0.03102506899999824,1
2026-02-22 18:39:13,38.0,71.0,32.1,-230.0,1.1372164,51.718193,1
2026-02-22 18:39:17,40.0,71.0,32.1,-221.0,1.5522101000000001,62.88999,1
2026-02-22 18:39:21,35.0,71.0,32.1,-211.0,1.0495675,51.73445,1
2026-02-22 18:39:25,45.0,71.0,32.1,-221.0,1.4019454,55.40107999999999,1
2026-02-22 18:39:29,35.0,71.0,32.1,-225.0,2.1211383,96.83994000000001,1
2026-02-22 18:39:33,42.0,71.0,32.1,-212.0,1.3213884,9.593090000000004,1
2026-02-22 18:39:37,35.0,71.0,32.1,-224.0,1.897669,85.2927,1
2026-02-22 18:39:45,35.0,71.0,32.1,-219.0,1.204516,51.607944,1
2026-02-22 18:39:49,35.0,70.0,32.0,-422.0,1.9031444,79.66736,1
2026-02-22 18:39:53,35.0,70.0,32.0,-284.0,0.8673544500000001,30.42123,1
2026-02-22 18:39:57,39.0,70.0,32.0,-210.0,2.46445,52.11147,1
2026-02-22 18:40:01,35.0,71.0,32.0,-242.0,2.5078688,66.796776,1
2026-02-22 18:40:05,35.0,71.0,32.0,-212.0,0.6514451499999999,15.671965,1
2026-02-22 18:40:09,40.0,71.0,32.0,-248.0,2.0539565,94.88993000000002,1
2026-02-22 18:40:17,35.0,71.0,32.0,-233.0,1.1204821,1.280689800000001,1
2026-02-22 18:40:21,35.0,71.0,32.0,-250.0,0.04217470400000001,0.055505790000001554,1
2026-02-22 18:40:29,35.0,70.0,32.0,-231.0,3.6672208,3.7047062000000004,1
2026-02-22 18:40:33,44.0,71.0,32.0,-229.0,0.10546293000000007,0.06497487000000035,1
2026-02-22 18:40:37,35.0,70.0,32.0,-292.0,0.014803754999999974,0.012862279000000143,1
2026-02-22 18:40:45,52.0,70.0,32.0,-228.0,4.2666626,82.48784,1
2026-02-22 18:40:49,42.0,70.0,32.0,-222.0,0.01481111700000004,0.012868676000003632,1
2026-02-22 18:40:53,50.0,70.0,32.0,-234.0,1.9014717,51.67997,1
2026-02-22 18:40:57,35.0,70.0,32.0,-237.0,2.5388198,75.44133,1
2026-02-22 18:41:01,38.0,70.0,32.0,-224.0,2.516424,103.293846,1
2026-02-22 18:41:05,58.0,70.0,32.0,-219.0,2.9853942,112.33448000000001,1
2026-02-22 18:41:09,43.0,70.0,32.0,-275.0,3.8843756000000003,115.13277400000001,1
2026-02-22 18:41:13,46.0,70.0,32.0,-242.0,0.03209817000000004,0.03112549900000161,1
2026-02-22 18:41:17,35.0,70.0,32.0,-221.0,0.998377,51.494343,1
2026-02-22 18:41:21,50.0,70.0,32.0,-235.0,3.2998655,56.303635,1
2026-02-22 18:41:25,36.0,71.0,32.0,-232.0,0.2264070199999999,0.11587570000000014,1
2026-02-22 18:41:29,35.0,71.0,32.0,-229.0,1.0095431,51.54635,1
2026-02-22 18:41:38,74.0,71.0,32.0,-243.0,0.04961861999999995,0.035268134999999035,1
2026-02-22 18:41:50,35.0,70.0,32.0,-217.0,0.6452852999999998,2.5653311999999993,1
2026-02-22 18:42:02,50.0,71.0,32.0,-273.0,1.7580072,0.592409,1
2026-02-22 18:42:06,44.0,70.0,32.0,-235.0,0.75655025,1.6319800999999998,1
2026-02-22 18:42:10,51.0,70.0,32.0,-295.0,0.12246438000000004,0.15956744999999728,1
2026-02-22 18:42:14,35.0,70.0,32.0,-245.0,0.16781259000000004,0.14574474000000137,1
2026-02-22 18:42:18,35.0,70.0,32.0,-214.0,0.24868080000000004,0.2307622299999963,1
2026-02-22 18:42:22,39.0,70.0,32.0,-228.0,0.09891695999999994,0.1098269149999993,1
2026-02-22 18:42:26,88.0,70.0,32.0,-567.0,0.20070009,0.16187057000000138,0
2026-02-22 18:42:54,35.0,73.0,32.4,-245.0,0.0819475999999999,0.07319355999999999,1
2026-02-22 18:42:58,50.0,73.0,32.4,-275.0,2.8361506,1.5622575999999988,1
2026-02-22 18:43:02,35.0,73.0,32.4,-212.0,0.24505136999999988,0.2661806999999996,1
2026-02-22 18:43:06,37.0,73.0,32.4,-238.0,3.1323202,120.94711000000001,1
2026-02-22 18:43:10,35.0,73.0,32.4,-276.0,1.7074077,17.37801,1
2026-02-22 18:43:14,35.0,73.0,32.4,-296.0,1.0732998,61.623558,1
2026-02-22 18:43:18,42.0,73.0,32.4,-285.0,0.20457155999999999,0.20408677999999725,1
2026-02-22 18:43:22,59.0,73.0,32.4,-273.0,1.2808888,1.4456716000000007,1
2026-02-22 18:43:30,36.0,73.0,32.4,-244.0,0.71179366,2.035637600000001,1
2026-02-22 18:43:34,35.0,72.0,32.4,-266.0,0.39760740000000006,2.135200300000001,1
2026-02-22 18:43:42,35.0,73.0,32.4,-248.0,1.3105920000000002,53.808662,1
2026-02-22 18:43:46,48.0,74.0,32.4,-217.0,2.9156117,2.312055300000001,1
2026-02-22 18:43:50,35.0,74.0,32.4,-224.0,0.7476693,53.69976,1
2026-02-22 18:44:14,38.0,72.0,32.4,-214.0,0.6170066,0.9947954999999986,1
2026-02-22 18:44:18,35.0,72.0,32.4,-216.0,0.09142391000000005,0.07832871000000097,1
2026-02-22 18:44:22,37.0,72.0,32.4,-208.0,0.4684009,26.012734999999996,1
2026-02-22 18:44:26,38.0,72.0,32.4,-204.0,0.2334624999999999,0.20773794000000123,1
2026-02-22 18:44:30,35.0,72.0,32.4,-246.0,5.059376,1.2779588000000004,1
2026-02-22 18:44:35,35.0,72.0,32.4,-280.0,0.7777588400000001,0.6972676,1
2026-02-22 18:44:43,37.0,71.0,32.4,-264.0,4.966392999999999,116.88442,1
2026-02-22 18:44:47,40.0,71.0,32.4,-263.0,2.2342973,55.182716,1
2026-02-22 18:44:51,42.0,71.0,32.8,-237.0,1.659307,52.080017,1
2026-02-22 18:44:55,44.0,71.0,32.8,-225.0,2.0186987,57.223746999999996,1
2026-02-22 18:44:59,54.0,71.0,32.8,-219.0,1.8453446999999998,51.64785,1
2026-02-22 18:45:03,36.0,71.0,32.8,-277.0,1.3408935,51.85872,1
2026-02-22 18:45:07,37.0,71.0,32.8,-261.0,1.4199917,51.80897,1
2026-02-22 18:45:11,45.0,71.0,32.8,-264.0,1.3771162,51.864155,1
2026-02-22 18:45:19,45.0,70.0,32.8,-235.0,0.04389317300000006,0.012852697999999663,1
2026-02-22 18:45:23,56.0,71.0,32.8,-274.0,0.0990856,0.08285396999999861,1
2026-02-22 18:45:27,33.0,72.0,32.8,-325.0,4.176694,93.94730000000001,1
2026-02-22 18:45:35,50.0,73.0,32.8,-271.0,0.031086795,2.183847400000001,1
2026-02-22 18:45:43,90.0,72.0,32.8,-230.0,1.6098381,4.359766499999999,1
2026-02-22 18:45:59,46.0,72.0,32.7,-227.0,1.7683371,64.6173,1
2026-02-22 18:46:03,35.0,72.0,32.7,-255.0,1.2414384,52.002987,1
2026-02-22 18:46:07,35.0,72.0,32.7,-245.0,1.7644736,78.68195,1
2026-02-22 18:46:11,39.0,72.0,32.7,-204.0,0.09212854000000004,0.10837225599999911,1
2026-02-22 18:46:27,35.0,72.0,32.7,-255.0,0.12419274399999991,0.09047636000000026,1
2026-02-22 18:46:31,36.0,72.0,32.7,-222.0,4.0538616,0.8900317000000015,1
2026-02-22 18:46:35,42.0,72.0,32.7,-289.0,0.11006936399999989,0.11394845999999959,1
2026-02-22 18:46:43,35.0,72.0,32.7,-198.00000000000003,2.3246748,127.3305,1
2026-02-22 18:46:47,38.0,72.0,32.7,-222.0,0.2492471599999999,0.0909448200000007,1
2026-02-22 18:46:51,43.0,72.0,32.6,-214.0,2.372311,129.02089,1
2026-02-22 18:46:55,36.0,72.0,32.6,-228.0,1.5912467,65.771935,1
2026-02-22 18:46:59,37.0,72.0,32.6,-203.0,1.348968,64.70334,1
2026-02-22 18:47:03,42.0,72.0,32.6,-214.0,1.9490004,83.881744,1
2026-02-22 18:47:07,54.0,72.0,32.6,-218.0,0.7981684000000001,26.156557,1
2026-02-22 18:47:11,35.0,72.0,32.6,-197.00000000000003,2.4082386,129.14899,1
2026-02-22 18:47:15,40.0,72.0,32.6,-233.0,0.6370677,17.806635,1
2026-02-22 18:47:20,37.0,72.0,32.6,-205.0,2.0565085,91.34960000000001,1
2026-02-22 18:47:24,36.0,72.0,32.6,-204.0,1.2770246000000003,64.438576,1
2026-02-22 18:47:28,38.0,72.0,32.6,-210.0,2.197084,104.294014,1
2026-02-22 18:47:32,46.0,72.0,32.6,-501.0,2.8979354,129.80138,1
2026-02-22 18:47:36,44.0,72.0,32.6,-425.0,5.8155723,14.100657000000002,1
2026-02-22 18:47:44,44.0,72.0,32.6,-206.0,1.3418343,73.49112,1
2026-02-22 18:47:52,48.0,73.0,32.5,-365.0,4.057353,91.46128000000002,1
2026-02-22 18:47:56,35.0,73.0,32.5,-262.0,2.200172,78.88164,1
2026-02-22 18:48:00,36.0,73.0,32.5,-221.0,2.508977,3.0784160000000007,1
2026-02-22 18:48:04,41.0,73.0,32.5,-204.0,0.7893961,111.96745000000001,1
2026-02-22 18:48:08,35.0,73.0,32.5,-199.0,0.16235592999999993,0.05581743600000166,1
2026-02-22 18:48:12,35.0,74.0,32.5,-235.0,1.5759379999999998,15.475823000000002,1
2026-02-22 18:48:16,35.0,74.0,32.5,-209.0,0.015027767999999941,0.013088701000000924,1
2026-02-22 18:48:20,38.0,74.0,32.5,-216.0,0.12058423499999993,0.059928183000000246,1
2026-02-22 18:48:24,35.0,74.0,32.5,-199.0,0.09076401,0.05654549000000131,1
2026-02-22 18:48:28,36.0,74.0,32.5,-203.0,0.17524317000000011,0.09040899600000074,1
2026-02-22 18:48:32,40.0,73.0,32.5,-221.0,0.16429742000000003,0.16599620999999942,1
2026-02-22 18:48:36,51.0,74.0,32.5,-255.0,0.05675996499999991,0.025711780000001738,1
2026-02-22 18:48:44,49.0,73.0,32.5,-284.0,0.36066642000000004,0.12991746999999876,1
2026-02-22 18:48:56,38.0,74.0,32.5,-274.0,2.0701077,4.77046,1
2026-02-22 18:49:00,43.0,74.0,32.5,-277.0,2.0278904,96.70275000000001,1
2026-02-22 18:49:04,40.0,74.0,32.5,-491.0,4.648195,97.75572,1
2026-02-22 18:49:08,35.0,74.0,32.5,-257.0,2.8755686,96.56416000000002,1
2026-02-22 18:49:20,64.0,72.0,32.5,-246.0,2.385613,2.634554900000005,1
2026-02-22 18:49:28,51.0,73.0,32.5,-274.0,0.49094945,39.448177,1
2026-02-22 18:49:32,35.0,73.0,32.5,-225.0,0.051641620000000055,0.0735649539999983,1
2026-02-22 18:49:36,35.0,73.0,32.5,-208.0,0.20360201999999994,0.16579022000000165,1
2026-02-22 18:49:44,50.0,74.0,32.5,-731.0,6.292214400000001,15.811511000000003,0
2026-02-22 18:49:48,35.0,74.0,32.5,-225.0,1.4777251,49.73323,1
2026-02-22 18:49:56,88.0,72.0,32.6,-337.0,2.6589599,0.6796118,1
2026-02-22 18:50:00,42.0,72.0,32.6,-343.0,0.9353061,0.31985819999999876,1
2026-02-22 18:50:04,50.0,72.0,32.6,-628.0,0.99621016,0.23989575999999957,1
2026-02-22 18:50:08,39.0,72.0,32.6,-259.0,0.24729866,0.19968516999999864,1
2026-02-22 18:50:12,39.0,73.0,32.6,-395.0,3.1907346,54.425972,1
2026-02-22 18:50:17,35.0,73.0,32.6,-273.0,1.2558584,106.83677,1
2026-02-22 18:50:21,50.0,72.0,32.6,-242.0,0.08582500999999998,0.0632777599999983,1
2026-02-22 18:50:29,35.0,73.0,32.6,-216.0,1.6874316999999999,3.4737371999999986,1
2026-02-22 18:50:33,57.0,73.0,32.6,-213.0,4.241216699999999,30.578128999999997,1
2026-02-22 18:50:45,36.0,71.0,32.6,-245.0,2.9970453,30.461163999999997,1
2026-02-22 18:50:49,35.0,71.0,32.6,-333.0,4.8750485999999995,116.05905000000001,1
2026-02-22 18:50:53,38.0,71.0,32.6,-222.0,3.9813514000000003,53.47691,1
2026-02-22 18:50:57,50.0,72.0,32.6,-228.0,3.2308772,109.98804999999999,1
2026-02-22 18:51:05,36.0,72.0,32.6,-217.0,0.078125,0.04779697200000044,1
2026-02-22 18:51:09,40.0,71.0,32.6,-295.0,4.6036215,61.2588,1
2026-02-22 18:51:25,50.0,71.0,32.6,-243.0,0.27475673,0.1915779399999984,1
2026-02-22 18:51:29,35.0,71.0,32.6,-210.0,0.6023838499999999,0.29389325,1
2026-02-22 18:51:33,35.0,71.0,32.6,-224.0,0.6837877999999998,12.025594000000002,1
2026-02-22 18:51:37,36.0,71.0,32.6,-221.0,0.07176328500000007,0.03976073999999841,1
2026-02-22 18:51:49,35.0,71.0,32.6,-226.0,0.13677209999999995,0.05577586000000068,1
2026-02-22 18:51:53,35.0,71.0,32.7,-238.0,0.07735869000000006,0.07299361999999832,1
2026-02-22 18:51:57,47.0,71.0,32.7,-229.0,0.8147752000000001,26.219269,1
2026-02-22 18:52:01,36.0,71.0,32.7,-319.0,5.5827146,5.831951600000004,1
2026-02-22 18:52:05,37.0,71.0,32.7,-219.0,0.20413744,0.10352338999999944,1
2026-02-22 18:52:17,37.0,73.0,32.7,-280.0,0.029100448000000112,0.0,1
2026-02-22 18:52:21,84.0,73.0,32.7,-236.0,0.10519437499999995,0.1643359199999992,1
2026-02-22 18:52:25,36.0,72.0,32.7,-238.0,0.15919572000000004,0.10329494000000139,1
2026-02-22 18:52:29,36.0,72.0,32.7,-226.0,0.1035233900000001,0.13407128000000057,1
2026-02-22 18:52:33,35.0,72.0,32.7,-229.0,3.782211,1.3183955999999988,1
2026-02-22 18:52:37,47.0,72.0,32.7,-212.0,0.6739930000000001,0.3183283500000016,1
2026-02-22 18:52:45,35.0,72.0,32.7,-211.0,0.11163487000000005,0.05581743600000166,1
2026-02-22 18:52:49,58.0,72.0,32.7,-263.0,1.8721287,75.964294,1
2026-02-22 18:52:53,35.0,72.0,32.7,-198.00000000000003,1.8653196,75.76763,1
2026-02-22 18:52:57,35.0,72.0,32.7,-253.0,2.3324552,99.90145000000001,1
2026-02-22 18:53:06,43.0,71.0,32.7,-239.0,2.0394135,75.06952,1
2026-02-22 18:53:10,42.0,71.0,32.7,-253.0,3.175835,124.24916000000002,1
2026-02-22 18:53:18,38.0,71.0,32.7,-211.0,0.6478091000000001,0.3382087300000016,1
2026-02-22 18:53:22,36.0,71.0,32.7,-260.0,1.7713375999999998,74.163,1
2026-02-22 18:53:26,41.0,71.0,32.7,-258.0,1.7546132,74.23984,1
2026-02-22 18:53:30,45.0,71.0,32.7,-207.0,1.6771611,74.32467,1
2026-02-22 18:53:34,35.0,71.0,32.7,-214.0,1.898885,74.18776,1
2026-02-22 18:53:42,96.0,71.0,32.7,-244.0,6.7957115,77.7036,1
2026-02-22 18:53:50,52.0,72.0,32.7,-364.0,4.377887,75.434654,1
2026-02-22 18:54:02,50.0,72.0,32.7,-230.0,3.6207000000000003,8.780793000000003,1
2026-02-22 18:54:10,40.0,73.0,32.7,-246.0,1.0813501,0.19259578000000133,1
2026-02-22 18:54:14,55.0,72.0,32.7,-274.0,6.904545299999999,2.609275799999999,1
2026-02-22 18:54:22,39.0,73.0,32.7,-220.0,0.5445002299999999,0.08166291599999909,1
2026-02-22 18:54:26,39.0,73.0,32.7,-250.0,0.88654554,0.08125856499999884,1
2026-02-22 18:54:30,35.0,73.0,32.7,-209.0,0.11431981600000007,0.034635030000000455,1
2026-02-22 18:54:34,39.0,72.0,32.7,-220.0,1.0163034,0.025201610999999957,1
2026-02-22 18:54:38,37.0,72.0,32.7,-222.0,0.32074921999999995,0.013101708000000656,1
2026-02-22 18:54:42,42.0,72.0,32.7,-205.0,6.512923000000001,4.221019699999999,1
2026-02-22 18:54:46,40.0,73.0,32.7,-201.0,1.276838,0.0558313169999991,1
2026-02-22 18:54:50,35.0,73.0,32.7,-210.0,1.1193618,0.06255043000000171,1
2026-02-22 18:54:54,35.0,72.0,32.8,-274.0,0.9831085,0.038306076000001354,1
2026-02-22 18:54:58,35.0,73.0,32.8,-256.0,0.5618446500000001,0.04774952300000024,1
2026-02-22 18:55:02,35.0,73.0,32.8,-235.0,1.1333846,0.08943946000000125,1
2026-02-22 18:55:06,35.0,73.0,32.8,-211.0,0.20399629000000008,0.0909614860000012,1
2026-02-22 18:55:10,35.0,73.0,32.8,-209.0,1.250796,0.14148507000000166,1
2026-02-22 18:55:14,38.0,73.0,32.8,-217.0,0.5638212,0.08075373999999869,1
2026-02-22 18:55:18,36.0,73.0,32.8,-221.0,0.9714674000000001,0.1305318299999989,1
2026-02-22 18:55:22,47.0,73.0,32.8,-219.0,0.4112863200000001,0.04365067000000167,1
2026-02-22 18:55:26,95.0,73.0,32.8,-267.0,3.3122108,76.550514,1
2026-02-22 18:55:30,36.0,73.0,32.8,-223.0,8.793679,69.38624,1
2026-02-22 18:55:34,35.0,73.0,32.8,-225.0,0.2855985000000001,0.025214126000001613,1
2026-02-22 18:55:38,42.0,73.0,32.8,-214.0,2.9209638,2.682760000000002,1
2026-02-22 18:55:42,44.0,73.0,32.8,-232.0,0.15119243999999998,0.03470388399999891,1
2026-02-22 18:55:46,50.0,73.0,32.8,-221.0,1.1858606000000003,0.15539533000000105,1
2026-02-22 18:55:51,58.0,73.0,32.8,-222.0,0.16734123000000012,0.0,1
2026-02-22 18:55:55,35.0,72.0,32.6,-226.0,1.0206088,0.025795072000001085,1
2026-02-22 18:55:59,42.0,72.0,32.6,-262.0,0.44757092,0.06203473700000117,1
2026-02-22 18:56:03,47.0,72.0,32.6,-232.0,0.8551297,0.4364294700000002,1
2026-02-22 18:56:07,39.0,72.0,32.6,-223.0,0.97001654,0.0909163200000016,1
2026-02-22 18:56:11,44.0,73.0,32.6,-228.0,0.3872198200000001,0.05399673399999827,1
2026-02-22 18:56:15,37.0,72.0,32.6,-213.0,1.1129851,0.047820735999998476,1
2026-02-22 18:56:19,35.0,73.0,32.6,-254.0,0.17334712000000008,0.03782118999999895,1
2026-02-22 18:56:23,37.0,73.0,32.6,-236.0,1.3502607000000002,0.0,1
2026-02-22 18:56:27,51.0,72.0,32.6,-256.0,0.47964665000000006,0.06859044999999853,1
2026-02-22 18:56:35,94.0,72.0,32.6,-844.0,7.8275876,9.7038145,0
2026-02-22 18:56:39,49.0,70.0,32.6,-814.0,3.242782,3.1214428000000005,1
2026-02-22 18:56:43,34.0,71.0,32.6,-271.0,0.7091645600000002,0.012663652000000525,1
2026-02-22 18:59:29,100.0,71.0,32.8,-322.0,2.2493393,2.4685330000000008,0
2026-02-22 18:59:45,26.0,73.0,32.8,-172.99999999999997,3.6837516,0.2110697899999998,1
2026-02-22 19:00:01,45.0,72.0,32.8,-367.0,3.9013877,0.2032377899999993,1
2026-02-22 19:00:05,56.0,72.0,32.8,-320.0,4.904206,3.100591999999999,1
2026-02-22 19:00:09,56.0,71.0,32.8,-834.0,2.2681766,1.0778463999999985,0
2026-02-22 19:00:13,36.0,72.0,32.8,-311.0,0.7490305,1.8316935,1
2026-02-22 19:00:25,34.0,72.0,33.2,-185.00000000000003,3.4847455,1.862473699999999,1
2026-02-22 19:00:30,27.0,72.0,33.2,-194.99999999999997,0.5725931500000001,0.0,1
2026-02-22 19:00:34,53.0,72.0,33.2,-193.99999999999997,0.3776493700000001,0.0,1
2026-02-22 19:00:38,26.0,72.0,33.2,-146.00000000000003,0.7336365,0.0,1
2026-02-22 19:00:42,30.999999999999996,72.0,33.2,-145.00000000000003,0.2616441199999999,0.0,1
2026-02-22 19:00:46,26.0,72.0,33.2,-145.00000000000003,0.8690266000000001,0.0,1
2026-02-22 19:00:50,26.0,72.0,33.2,-138.0,0.23263027000000003,0.0,1
2026-02-22 19:00:54,26.0,72.0,33.2,-139.0,0.8234902,0.0,1
2026-02-22 19:00:58,29.0,72.0,33.2,-135.99999999999994,0.33198276000000004,0.08844796600000038,1
2026-02-22 19:01:02,36.0,72.0,33.2,-162.0,0.7956098,0.0,1
2026-02-22 19:01:06,26.0,72.0,33.2,-139.0,0.49881445999999996,0.0,1
2026-02-22 19:01:10,27.0,72.0,33.2,-134.0,0.5282644999999999,0.0,1
2026-02-22 19:01:14,26.0,72.0,33.2,-132.0,0.7657413,0.0,1
2026-02-22 19:01:18,30.0,72.0,33.2,-135.99999999999994,0.08719308000000003,0.0,1
2026-02-22 19:02:06,100.0,65.0,33.6,-222.0,1.0764493,0.08849189000000024,1
2026-02-22 19:02:10,41.0,65.0,33.6,-203.0,0.39969115999999993,0.0,1
2026-02-22 19:02:14,36.0,65.0,33.6,-276.0,0.34109133,0.34863332000000113,1
2026-02-22 19:02:18,30.999999999999996,64.0,33.6,-212.0,0.3697073499999999,0.0,1
2026-02-22 19:02:22,34.0,65.0,33.6,-198.00000000000003,0.06349845999999992,0.0352769230000014,1
2026-02-22 19:02:26,30.999999999999996,65.0,33.6,-232.0,1.0356375,0.0,1
2026-02-22 19:02:30,30.999999999999996,65.0,33.6,-244.0,0.029194694000000077,0.0,1
2026-02-22 19:02:38,35.0,64.0,33.6,-378.0,0.0,0.0,1
2026-02-22 19:06:20,100.0,64.0,33.8,-334.0,2.229862,0.0,1
2026-02-22 19:06:32,30.999999999999996,65.0,33.8,-169.0,4.9766517,1.4338474000000012,1
2026-02-22 19:06:36,35.0,65.0,33.8,-234.0,0.029158371999999932,0.0,1
2026-02-22 19:06:40,26.0,65.0,33.8,-167.0,0.3539675499999999,0.0,1
2026-02-22 19:06:44,91.0,61.0,33.8,-292.0,0.9470430600000002,0.4972339000000012,1
2026-02-22 19:06:48,42.0,65.0,33.8,-305.0,0.5893469,0.0,1
2026-02-22 19:06:52,55.0,64.0,33.8,-318.0,2.8230696,0.0,1
2026-02-22 19:06:56,45.0,64.0,33.8,-244.0,0.6317647000000001,0.0,1
2026-02-22 19:07:00,26.0,65.0,33.8,-217.0,1.073466,0.0,1
2026-02-22 19:07:04,26.0,65.0,33.8,-208.0,1.0611963,0.0,1
2026-02-22 19:07:08,60.0,65.0,33.8,-182.0,1.1815679000000001,0.0,1
2026-02-22 19:14:13,26.0,68.0,34.2,-211.0,2.5115786,78.70806,1
2026-02-22 19:14:17,27.0,68.0,34.2,-214.0,2.2296846,12.589149,1
2026-02-22 19:14:21,30.999999999999996,68.0,34.2,-355.0,2.052794,65.61617,1
2026-02-22 19:14:25,34.0,68.0,34.2,-384.0,3.8106375000000003,6.542531000000002,1
2026-02-22 19:14:29,26.0,68.0,34.2,-269.0,1.7477629,54.1673,1
2026-02-22 19:14:37,46.0,70.0,34.2,-306.0,6.1176414,101.49944999999997,1
2026-02-22 19:14:41,47.0,70.0,34.2,-319.0,0.047453200000000084,0.02214482600000167,1
2026-02-22 19:14:54,85.0,70.0,34.5,-624.0,4.73925,3.876906999999999,0
2026-02-22 19:15:02,35.0,69.0,34.5,-269.0,0.03475570699999997,0.03475570699999864,1
2026-02-22 19:15:06,30.999999999999996,71.0,34.5,-463.0,3.3927295,64.08715,1
2026-02-22 19:15:10,35.0,69.0,34.5,-244.0,1.8554201,104.086296,1
2026-02-22 19:15:18,36.0,69.0,34.5,-247.0,0.13971683000000001,0.10866865499999889,1
2026-02-22 19:15:22,35.0,69.0,34.5,-268.0,4.584795999999999,78.27716,1
2026-02-22 19:15:26,55.0,69.0,34.5,-306.0,2.0728922,61.346455,1
2026-02-22 19:15:30,36.0,70.0,34.5,-243.0,1.3583472,56.285557,1
2026-02-22 19:15:34,39.0,70.0,34.5,-238.0,3.4627327999999995,7.1006403,1
2026-02-22 19:15:42,35.0,69.0,34.5,-243.0,0.08539447999999994,0.09707235500000166,1
2026-02-22 19:15:50,35.0,69.0,34.5,-230.0,1.6746615,51.08227,1
2026-02-22 19:15:54,50.0,70.0,35.0,-274.0,2.1912045,46.74069,1
2026-02-22 19:15:58,37.0,69.0,35.0,-237.0,0.08952833999999998,0.06017080699999866,1
2026-02-22 19:16:02,40.0,69.0,35.0,-242.0,0.06893953999999991,0.06991052000000053,1
2026-02-22 19:16:06,35.0,69.0,35.0,-244.0,2.0317547,1.8907549999999986,1
2026-02-22 19:16:10,36.0,69.0,35.0,-238.0,0.17060721,0.13881553999999952,1
2026-02-22 19:16:18,64.0,72.0,35.0,-274.0,2.668898,53.060055,1
2026-02-22 19:16:22,63.0,72.0,35.0,-602.0,0.021874221000000027,0.2515535399999962,0
2026-02-22 19:16:54,26.0,70.0,35.4,-229.0,0.20214771999999992,0.19124047000000033,1
2026-02-22 19:17:06,53.0,72.0,35.4,-400.0,3.1812189,7.1465955,1
2026-02-22 19:17:14,35.0,69.0,35.4,-257.0,0.6800669399999999,2.6297867000000004,1
2026-02-22 19:17:22,35.0,68.0,35.4,-441.0,0.012647883000000082,0.043781134999999693,1
2026-02-22 19:17:26,35.0,67.0,35.4,-267.0,0.12152454000000001,0.11279224000000099,1
2026-02-22 19:17:30,42.0,67.0,35.4,-269.0,0.07146761000000001,0.0472412999999996,1
2026-02-22 19:17:38,52.0,67.0,35.4,-257.0,0.9562023,52.981365,1
2026-02-22 19:17:46,59.0,67.0,35.4,-219.0,0.0683301999999999,0.10042836999999949,1
2026-02-22 19:18:15,46.0,72.0,35.4,-236.0,2.172706,40.071407,1
2026-02-22 19:18:19,46.0,72.0,35.4,-384.0,2.9044359,66.22876,1
2026-02-22 19:34:38,86.0,72.0,34.8,-98.0,2.1134968,1.8998542,1
2026-02-22 19:36:07,78.0,71.0,34.9,-10.0,0.02581148600000005,0.0,1
2026-02-22 19:36:15,30.999999999999996,72.0,34.9,-712.0,3.2099204,45.168568,1
2026-02-22 19:36:19,55.0,73.0,34.9,-336.0,3.9452052,41.580475,1
2026-02-22 19:36:27,86.0,71.0,34.9,-344.0,6.655327,12.984241000000004,0
2026-02-22 19:36:35,77.0,69.0,34.9,-199.0,0.6818155600000001,2.5282470000000004,1
2026-02-22 19:36:39,58.0,70.0,34.9,-346.0,6.065365,76.43856,1
2026-02-22 19:36:43,34.0,70.0,34.9,-327.0,1.4281436,51.85989,1
2026-02-22 19:36:47,86.0,70.0,34.9,-576.0,4.8108525,103.547226,0
2026-02-22 19:36:59,26.0,73.0,34.9,-182.0,7.1795654,11.002637,1
2026-02-22 19:37:03,26.0,73.0,34.9,-253.0,0.04652605199999993,0.031017369000000627,1
2026-02-22 19:37:07,37.0,74.0,34.9,-337.0,5.186185,5.8416724,1
2026-02-22 19:37:19,30.999999999999996,74.0,34.9,-198.00000000000003,0.14567240000000004,0.12991746999999876,1
2026-02-22 19:37:23,27.0,73.0,34.9,-187.0,0.7598459,0.21112236000000095,1
2026-02-22 19:37:27,29.0,73.0,34.9,-192.99999999999997,0.11631513399999993,0.0,1
2026-02-22 19:37:31,26.0,73.0,34.9,-171.0,0.13088702000000008,0.0,1
2026-02-22 19:37:35,29.0,73.0,34.9,-167.0,0.0436615119999999,0.0,1
2026-02-22 19:37:39,26.0,73.0,34.9,-133.0,0.4431867599999999,0.0,1
2026-02-22 19:37:43,86.0,74.0,34.9,-117.00000000000003,0.043650670000000114,0.0,0
2026-02-22 19:37:55,26.0,73.0,34.9,-181.0,2.58579,0.60230666,1
2026-02-22 19:37:59,33.0,73.0,34.9,-177.99999999999997,0.14550224000000012,0.0,1
2026-02-22 19:38:03,26.0,72.0,34.9,-172.99999999999997,0.20166295999999995,0.012603935000001343,1
2026-02-22 19:38:07,37.0,73.0,34.9,-175.00000000000003,0.02910767499999989,0.0,1
2026-02-22 19:38:15,30.999999999999996,69.0,35.4,-407.0,7.1959033,28.989551999999996,1
2026-02-22 19:38:19,32.0,72.0,35.4,-395.0,0.8575941300000001,0.22139310000000023,1
2026-02-22 19:38:23,84.0,70.0,35.4,-383.0,1.7395095999999999,0.0,0
2026-02-22 19:38:31,35.0,72.0,35.4,-258.0,0.46248022,1.2541958999999991,1
2026-02-22 19:42:42,86.0,72.0,35.5,-697.0,3.3173617999999996,8.773101000000002,0
2026-02-22 19:46:42,94.0,72.0,34.7,-433.0,8.844257,7.461964,0
2026-02-22 19:46:54,42.0,73.0,34.7,-268.0,1.9411979,0.8168852999999991,1
2026-02-22 19:46:58,44.0,73.0,34.7,-291.0,0.012651033999999894,0.0,1
2026-02-22 19:47:02,42.0,73.0,34.7,-352.0,0.08204974999999992,0.06890230999999858,1
2026-02-22 19:47:06,73.0,73.0,34.7,-343.0,0.2549142200000001,0.2753657700000005,0
2026-02-22 19:47:10,34.0,73.0,34.7,-251.0,0.01267629799999992,0.0,1
2026-02-22 19:47:14,29.0,72.0,34.7,-182.0,0.03209817000000004,0.05398329000000146,1
2026-02-22 19:47:18,27.0,72.0,34.7,-171.0,0.08178467999999994,0.06867971000000139,1
2026-02-22 19:47:22,34.0,72.0,34.7,-176.00000000000003,1.3941891,0.35509163000000044,1
2026-02-22 19:48:14,26.0,74.0,33.9,-176.00000000000003,0.9077939000000002,1.7717600000000004,1
2026-02-22 19:48:18,26.0,74.0,33.9,-179.0,0.0,0.0,1
2026-02-22 19:48:22,26.0,74.0,33.9,-162.99999999999997,0.41347763000000004,0.0,1
2026-02-22 19:48:26,64.0,74.0,33.9,-576.0,1.7786089999999999,1.2502133999999998,0
2026-02-22 19:48:30,62.0,75.0,33.9,-400.0,3.2658372,17.281164,0
2026-02-22 19:48:34,30.999999999999996,67.0,33.9,-221.0,6.778736,7.235374,1
2026-02-22 19:48:38,77.0,68.0,33.9,-177.0,0.4134884999999999,0.0,1
2026-02-22 19:48:50,35.0,70.0,33.9,-237.0,4.0622373,11.059759,1
2026-02-22 19:50:51,28.000000000000004,75.0,34.5,-266.0,3.5487347,0.5700856399999985,1
2026-02-22 19:50:55,98.0,76.0,34.5,-384.0,3.9256308000000004,12.083598000000002,0
2026-02-22 19:50:59,35.0,76.0,34.5,-403.0,7.9557686,10.283632,1
2026-02-22 19:51:07,100.0,73.0,34.5,-206.0,5.65072,3.0329191999999985,0
