PCA1,PCA2,Target
1.4287267993477126,-0.26356330741618345,1
0.11188869691449238,0.18051144197066746,1
1.1426730586824054,-0.3196699889744159,1
1.8708229051720986,-0.19467328740679588,1
1.7385831892026622,-0.019288252493700725,1
1.7018455896031368,-0.21860148529320567,1
1.4304679556172935,0.10095683347300313,1
1.376710578611597,1.7018409419897331,2
1.6979792940886407,0.08039713010977965,1
2.0201239790562684,1.2129207371136383,1
1.8574175918765226,0.311776934788382,1
2.0072644907847046,4.121481853877186,2
1.5258954912087608,3.09348374277929,2
2.2989011370082313,-0.1783455361458662,1
2.242470233941947,-0.3799828114399903,1
1.9809611779150382,-0.30411008824026486,1
1.3303112201609637,-0.11252298863905634,1
2.1874797431008166,0.4425775073782259,1
2.232418389651887,-0.4033153152658063,1
2.017369711751068,0.06058603009730079,1
1.8522610846141365,3.484585634390248,2
1.7050645259836619,-0.05790354861215046,1
2.1306565657700838,-0.4335379606814917,1
2.253177292901069,3.066399864115532,2
2.114000613331767,1.4050966112782577,2
-0.44247029467295323,1.5640160487288075,2
1.3380306124724206,-0.05399164857495939,1
0.9863293653139034,-0.81809700236321,1
0.23975364958402604,0.04437190118834929,1
1.5332986944936324,-0.8777866664106283,1
-0.4089754252477927,4.307087967589111,2
1.0011075624158285,-0.5806643602284095,1
-0.4184540574575183,2.0793113558439544,2
-0.8944737264086156,2.57449911336305,2
1.5576629253295762,-1.0632430277210294,1
1.6446739526996066,1.2997066188460233,2
1.0915379021400533,-0.8324944872624331,1
1.1982136965486745,2.1764830008280662,2
0.7354543860854027,-0.014019606293369182,1
0.9093010862819249,-0.7691509400295352,1
0.897599548211301,-0.04935765308732203,1
-0.4922102867779893,1.201889728503972,2
0.45878101691768197,1.5813745877071976,2
0.7154132259603496,0.9809583405966796,2
2.017483946117053,3.5141998151773075,2
0.6905206622732297,0.9240428697221263,2
0.8894712035294348,1.3080940986730576,2
1.09159144659311,-0.30572143367085386,1
1.3541541460563666,-0.6416119378457187,1
1.7274051101522536,-0.7502849089973158,1
1.1033901091304517,0.30006331855921103,1
1.0668978845572445,-0.5298784801936905,1
1.50994714994619,2.143086894404254,2
1.5610448742347531,3.6308398502183317,2
1.1583262077729104,0.55080040495652,1
0.4823845697225974,0.2436285271632553,1
0.5659514705301877,0.9100106830572053,2
1.0169572207538546,-0.40488513411662413,1
1.028313817428354,1.033832600676006,2
0.08153523223515435,0.48354251718635094,1
1.6703809981502524,4.060717446323727,2
1.3872193738453478,0.8635989628549162,1
1.1818512944800106,-0.10915598150623193,1
1.5653096937040138,0.6867729125674666,1
1.2127186903072704,-0.444885875270411,1
1.1755418361237344,-0.15425970935891453,1
0.9013641084579016,1.0811757452788326,2
1.4396974114600294,2.430784034519788,2
1.2238667050926955,1.8328994493713682,2
-0.7841881351183243,0.8518963223944399,2
1.120314755664329,0.4242761526329229,1
1.2875855019123503,-0.13314510516949812,1
1.5877751219297738,0.8369047668838114,1
0.5388217463073204,0.25803861446353055,1
1.5776586020246242,-0.5695457616806392,1
1.332712600312439,-0.5503355898557051,1
0.7935859005920355,1.419312490151016,2
1.3327208389268193,2.859577988508109,2
0.5543901031562419,1.0741265851003825,2
1.3560795381845119,0.053606839178221614,1
1.7512375361851686,-0.8047426175815819,1
1.0211594625048248,2.7382119862557266,2
-0.5235121336855104,1.4862792395473998,2
-0.009007596639652327,3.438891339040001,2
0.46967813710536116,-0.6466897221358768,1
-0.0322911621295731,1.1413326393100678,2
0.08546615141824485,0.33910678534492944,1
-0.3078445486272755,0.2091534764159753,0
0.678340889722747,2.536155778764968,2
-0.6780776735009018,0.13909909384821287,0
0.2897353914382274,-0.6408144425430535,1
-1.1250393261646094,1.6532809086352913,2
-0.36663697081059876,-0.31340993151613367,0
0.3668785688891111,-0.6749152033898344,1
-0.5405387441345233,2.8346118495779042,2
0.12845955216341376,2.585971233526145,2
0.1291692365547452,2.1020741197136434,2
0.49035302836376876,0.7242594581166683,2
0.7336070021248983,0.49528347546112245,1
0.9611463127085168,-0.486534704229467,1
0.45551581877674024,-0.21890120622905843,1
0.6748765002715255,0.5672168210183627,1
-0.8861661081338327,1.569125633660388,2
-1.5200182302017702,1.7422462628777649,2
-1.4876737938089508,1.1980485907760219,2
0.39058555149636276,-0.5016807689617977,1
0.45925249467810914,1.3254406444561555,2
0.8219018215369616,-0.33699062161790283,1
-0.3453844449113179,1.2307204542056285,2
-0.9797230567861065,1.8135814702628505,2
-0.27920688382812925,0.6866823174593596,2
-1.8634949188206824,2.497603943996531,2
0.06131132211712583,1.1841065722047248,2
-0.47818494370339043,2.764448077997254,2
-0.38988819584873774,2.93522034817512,2
-0.7062836518403728,2.4862229882001987,2
0.3902832846718632,-0.4403491870793464,1
-0.4076814536303179,2.517790074729989,2
0.22942398042025003,1.1070171995540095,2
-0.3183273414644937,0.17807029839790742,0
-0.1709789265893941,-0.12481174460389485,1
-0.545311297487728,0.12130306726151995,0
-0.20028007533768516,1.0999535811154169,2
-0.8636138431095146,0.8949205342050357,2
0.7206633474213764,0.7136195899947427,1
-0.8357210317659675,4.4955209955303745,2
-0.4599220465561907,1.2351722610004687,2
0.10895759410052208,-0.46125969989349835,1
-1.5087473890555279,3.7129647048358576,2
-1.1366582185419194,4.539760227767476,2
-0.8469076233597395,2.3208913745333444,2
-0.6002405931549009,4.16662603136379,2
-0.231965941927681,0.8731964764083584,2
-0.48993457088468845,-0.24506663956420033,0
-0.04633544778147976,0.2670488088000223,1
-0.9121692069195085,2.0623078398559,2
-0.03319941709443656,1.51042182864927,2
-1.037834238530331,0.41644191114679713,0
-1.284111503275099,3.7342798833674995,2
-1.5251165537922307,3.412497068090645,2
-1.741900623653928,-0.19013601720406562,0
-0.6586031558504251,3.903441013961712,2
-1.9165251145311253,2.277358318760581,2
-0.4677552154387001,-0.25418606681587164,0
-0.774616350835005,2.4231963069394085,2
-0.8546613938266054,3.6079491272723154,2
-0.8397886008884029,2.6672868505708633,2
-1.4114328834906311,1.358661666177329,2
-0.9673174350519772,1.5180384429113642,2
0.08594825660718391,-0.28455319876978036,1
-1.869344365821572,0.6393756150193102,0
-2.014679435734424,4.093221082017264,2
-1.6033630536900427,1.8087762535231184,2
-0.4116569492143081,2.653493485581164,2
0.10998520887542398,3.2091902371001426,2
-0.8363145268731736,0.20158100012172947,0
-1.28327763927131,1.2543549479749003,2
-1.113644847910296,0.017811189241754788,0
-1.0911683134815016,2.3944631727616943,2
-0.3476854785115434,0.5517198239099135,2
-0.23559014891016572,1.7081641885251242,2
-2.0741565057168496,0.8393833442766592,0
-0.8071381045976191,0.8619879128214842,2
-0.23131502476690124,-0.6168618420858988,1
-0.40082421053717254,1.0036604885997606,2
-0.5435638238198515,-0.6238575400000236,0
-0.6876632550133897,-0.8268115654079372,0
-1.040205450242471,0.5612002611654974,0
-0.5149788393878295,0.05817324524184641,0
-0.7983480427216877,-0.5512900437294238,0
-0.6279276417615809,-0.5578089658671521,0
-0.39448377474393453,-0.028529996023806868,0
-0.05345870422341807,-0.13904586544361713,1
-0.6604661080648998,-0.3908788171917991,0
-0.4295920339584358,-0.7940949600533617,0
-0.41286980789423267,-0.35090755138379753,0
-0.11941553041139187,-0.1830261042194549,1
-0.9478950300330639,0.9736193550519335,2
-0.25023429454002366,-0.6161550497303782,1
-0.34518259862899214,0.32280532936342116,0
-2.1230863746565833,1.4237039704156627,2
-0.887340073315631,0.0480093019209906,0
0.06974942231398693,-0.18852384111273326,1
0.18617330064566295,0.757202857120136,2
0.35468895709479775,-0.2583648918949459,1
-0.5876939905910928,0.43788582839375867,0
-1.290307946707236,0.306540393849332,0
-1.6594941405493684,0.38411340586119164,0
-1.3242694920868092,2.0614013312525867,2
-2.3171453804258846,3.1189158838036986,2
-1.2539087588534394,2.4979488103043295,2
-0.05908923263504504,1.4245330953772468,2
0.02106702665056347,-0.0964888297210911,1
-1.0236183690423404,1.345277829349989,2
-0.07096746369738345,2.1514459472340275,2
0.012554660555562463,1.7370318708297163,2
-1.405982528905799,4.137073130365786,2
-1.548440107682079,1.6452207972182074,2
-2.144682103708323,2.433287700574724,2
-1.975784621848652,2.2192701440431106,2
-2.0663244928322055,2.149842996521651,2
-2.046504681199425,1.834454823168025,2
-1.530130466037364,3.0329917608302033,2
-2.451491336788971,1.1533204317821826,0
-2.2508757775550503,2.9511483284118953,2
-1.2232920246288876,-0.07552873912504521,0
-2.385569555235289,-0.17140842266458559,0
-1.7975538031352294,-0.22894655387006613,0
-1.7190211849684238,1.7165058513870821,2
-1.5287998991615916,-0.20160795186293043,0
-3.16988842729334,1.8207596475945276,0
-2.880336201136905,2.548900656755572,2
-3.326681610852713,0.718075918948216,0
-1.7193542607056818,0.44159581830993416,0
-2.3181091146194532,-0.235707705285785,0
-1.3933179100510054,2.4266455430983815,2
-1.8284328644434673,-0.06497318599812564,0
-1.2350405236519515,2.5212750710862353,2
-3.56390037999993,1.6542671908674367,0
-1.558984985279871,1.6733368329448888,2
-0.9404154304886922,0.25326812712934,0
-0.7782275236591448,1.3177644434590714,2
-1.4040919091672053,-0.5778321530829138,0
-3.089910548911304,-0.03822495504521837,0
-2.9351128532919852,0.8688748282534847,0
-2.4784921351451197,0.10050917183654758,0
-3.755261015367864,1.0680071663406656,0
-2.0677105140858743,0.6127590172252085,0
-3.0731025244956798,-0.4507192958986753,0
-2.9494055439145668,0.3289502098134198,0
-4.47890118474916,-0.18227078750429965,0
-2.3271448252424847,-1.0243662424655655,0
-3.6102983623133698,0.1948039469185519,0
-2.7955344473477415,1.60264736895743,0
-3.2703095641419453,-0.13152431155029928,0
-3.4391010130418587,-0.43330212248527955,0
-3.2694837660944702,-0.48647883832310235,0
-1.7078697183272602,-1.2056832570711657,0
-1.660853587128318,0.414084476633175,0
-2.920213511686867,-0.8572020738825777,0
-2.4110498634136794,-1.0637925290215675,0
-2.9932297230821283,2.315807038120954,2
-2.8486344125466734,1.0974813531844412,0
-3.353124441138024,-0.2326532268174187,0
-2.3387995206465333,-0.9535356330371633,0
-2.727273612510459,-0.7234324146423338,0
-2.505665364967167,-0.6465849838691847,0
-2.8322001149598246,-0.07944757806988398,0
-3.1428866953552967,-0.7315338925803697,0
-3.3161300132247002,0.5726888416307551,0
-3.5817368570479857,2.934441143598714,2
-4.254927794750551,-0.45206459809993194,0
-1.9850475271859958,-0.10354584143024195,0
-2.5094468082840744,-1.340863143172159,0
-1.7605446260066087,-1.4340410845908016,0
-2.1367932125258364,-0.31181146201177096,0
-2.8880708348563973,1.9260730948894402,2
-2.623798049083796,-0.5425024167819246,0
-2.4822624137911613,-0.6403532163517677,0
-2.6434715025655513,2.5660950994487477,2
-2.7639140257026757,-0.6817527408698563,0
-2.627266674615129,-0.8581556743009987,0
-2.6656988270944457,1.3447627412325023,0
-1.8339326280882704,-0.9997396835977028,0
-1.587323555824676,-0.661884729384997,0
-1.8304168453490464,-1.1575433269274487,0
-1.9261508180926268,-1.1227956284985765,0
-2.7021444490352375,0.5566483007355019,0
-2.772853710623637,1.2833330860326897,0
-1.1587674935033543,-1.1575083648834015,0
-1.1662097183641975,-0.26679705325625397,0
-2.143350225925943,-0.09564796746927086,0
-2.6001955911325587,0.1725428700954996,0
-2.213155666385011,-0.9008609414192604,0
-1.4288942134434777,2.1155819000290026,2
-1.9082735820233687,1.731642255569202,2
-2.787754013706413,-0.6676112112937619,0
-2.085549648433087,0.6529252870399495,0
-1.4398898535308362,-1.2318175070057806,0
-1.9608889826027618,-1.0526740957513432,0
-1.821417126523265,-1.1659706011906361,0
-2.1677377194643173,0.22347861618216933,0
-1.1739068034920304,-1.2704641097487441,0
-2.0382591476248137,0.6670723202273662,0
-1.4647548255089666,-0.9431786644844936,0
-1.6480184811830905,-1.0839893776532805,0
-1.655355076210891,-0.1036062689286033,0
-2.0273535688714643,-0.936944497393024,0
-1.4483230329575159,-1.1356460968206332,0
-1.2494566789844725,-1.2495367940587587,0
-1.9573726656388715,-0.41779652653214133,0
-1.2069035019974697,-0.9268299807772254,0
-1.3510015742950972,-1.2524767151306586,0
-1.4927409086942953,-0.38972274386198424,0
-1.1635401432102737,-1.3744884871373861,0
-0.9417125092832695,0.197753442328867,0
-1.1031069218987808,-1.3335888370847702,0
-1.5207085975079353,-1.133389374859252,0
-1.150049669581947,-1.314707756278654,0
-1.19432753361144,-0.48442979709700973,0
-1.3073720132787154,-1.1516734121698948,0
-1.2156232019107136,-1.2930024505506392,0
-2.3301753961799654,0.6464744724413899,0
-1.0868972293001675,-1.3215696791296112,0
-1.1986625503966728,0.8503336256678555,0
-1.5975681816034526,-1.0120393656791706,0
-1.424135204104379,-1.2008099653617361,0
-1.3641082905922581,0.18098399670854046,0
-0.979597271522001,-1.2622754920075028,0
-1.4479537338815551,-0.5660836571457938,0
-2.0923796174065377,-0.8875132585675579,0
-0.6464994431855183,-0.1725599280542942,0
-1.3847470302550722,-1.1221497949228043,0
-1.1306122021860918,-1.22938072592603,0
-0.8215594519674453,-1.48976599793738,0
-1.0847721341593306,-0.32731977138246404,0
-0.942742266796065,-1.3087360499195029,0
-1.244327318789741,-0.43339752565352696,0
-0.8961121371682768,-1.144455009954405,0
-0.7298458322909668,2.9860065899612627,2
-1.1360050793239762,0.0022726221283236817,0
-1.9339921456698927,-0.06334825024290415,0
-1.1618732915163048,-0.9238723457121505,0
-1.264964523283176,-0.88418662790054,0
-1.2252068633948259,-0.8913978239760321,0
-1.4103211400535587,-0.8303337507333943,0
-1.879587217506134,1.8147410819644014,2
-1.260847676210826,1.213440156795201,2
-1.1631478203812646,-1.0849449671012552,0
-1.0167678357848866,-0.8870933422019764,0
-0.8008244690238805,0.5968261976648205,0
-1.136289199821024,1.6976418617090727,2
-1.0563031869019264,1.4027670673490706,2
-1.7185971493551893,-0.7869697170296412,0
-1.0156169143269345,-0.8438939227962967,0
-1.1653431277359985,-0.14911046413297524,0
-1.0149573019909455,0.4809547899653855,0
-1.098782908465483,-0.40407984823670123,0
-1.472143635736923,-0.8090409042058259,0
-1.8712950626945861,1.8072857768699666,2
-1.392456849070395,-0.9965146916899355,0
-0.6206121858798815,-0.3427364082533696,0
-0.7673022074492395,-0.9256060510526927,0
-1.1334105733021977,-0.3863047238256463,0
-2.564513942038588,-0.07400355176291101,0
-1.5628046131824729,0.40317025452873556,0
-1.7291187631196054,3.529910898431511,2
-1.50583446354873,0.30027651457026644,0
-1.8265743932014207,-0.6921119918925052,0
-0.6960910428821924,-1.0709681376455673,0
-1.1568042532907485,-0.21348023215454945,0
-1.3654776784929934,0.053391128577411504,0
-1.4461503967077654,-0.767735641070922,0
-0.6647814446028266,-0.892125616750057,0
-0.8085154999128319,-1.0943069071126639,0
-0.7779989382934795,-0.48782995375195265,0
-1.353755778023619,-0.8108597742392927,0
-1.4785210832378681,-0.9545153507733122,0
-0.8462565564076758,0.6095522528275262,0
-1.9390345907255564,-0.5934404391211657,0
-2.193362930475443,0.6332843881532515,0
-1.4546184188495441,2.68888638929748,2
-1.384517682725124,-0.6658587765191304,0
-2.1933429590704536,0.1255490568271285,0
-1.2540644448173128,-1.329708876451723,0
-1.4701429765575456,-1.2735275531377352,0
-1.4724953528938285,-1.2200487052044935,0
-1.3165278339733284,-0.3968485254390083,0
-1.9799387232445433,0.1649512539739879,0
-1.4305238132049347,-1.2774390173514198,0
-1.6845995900694952,-0.5302146320979874,0
-1.8244888415726326,-1.0356097887315647,0
-4.225335536694783,1.58251403634632,0
-1.6148327219811098,0.9883399568202692,0
-3.2949959561196716,0.5860742344733143,0
-1.8221868767919702,-1.2500926178971938,0
-1.5122108522525741,-0.6639827136119364,0
-1.3537708127134152,-1.5424611576247775,0
-2.2008738588197434,-1.2795251820578313,0
-1.3022274240723153,0.43972970704126313,0
-1.0124292899984295,-0.45080103433718005,0
-1.214263768968456,-1.1749279186246078,0
-1.328197517056679,-1.252702207018334,0
-0.9074862316456619,0.27972818433623003,0
-0.9018388963932866,0.8383191088589578,2
-1.3353834694452353,-1.2344582182042636,0
-0.9377427716287565,-0.6001057580319986,0
-1.1918697369882585,-0.8219529525300258,0
-2.0856119205141423,-1.0344098852304207,0
-1.0572633344422262,-1.2185040178402236,0
-1.8194199344527513,-1.2066500222381862,0
-1.601193624576618,-1.237635099185624,0
-1.468001731522664,-0.5975073887660044,0
-1.1095823954484474,-1.4502786696666674,0
-1.2605274799096822,0.2957964960391306,0
-2.046446459808273,2.15062759245263,2
-0.015512797954537926,0.22378240681352035,1
-0.13001004252291465,-0.2455725305934231,1
-0.5851634162990846,4.050346811395858,2
0.16299368211561918,0.5210744327173458,1
-0.10902218180433938,-0.07920470244376192,1
-0.45389676392900724,0.01030184847976443,0
-0.19383956431954347,1.191352608826839,2
-0.40142500231874395,0.018868452486343012,0
-0.5358784346249179,0.3423951818245291,0
-0.45450740783714216,-0.13119524578052857,0
-0.7117474063257649,-0.014938964557169884,0
-0.7570424456970929,0.7444054052610208,2
0.16947311914758323,-0.35689441068911953,1
-1.1331923386664027,2.3728749530044153,2
0.047516760627252325,-0.3133926042759163,1
0.22212313480919305,-0.5397802441443745,1
0.19071770899705676,-0.24637751024292068,1
0.08452427051094899,0.24559480776582787,1
-0.03403663642963652,-0.3508842179967048,1
0.06914889435776977,-0.5288656188815758,1
-0.3365455429157655,0.48625571483396635,2
-0.36330170213410923,-0.5160255639057106,0
-0.18083836106288953,0.04298795625783068,1
0.5017703527384879,0.11269254962203842,1
-0.1904203476686146,-0.2460719926226108,1
-0.04422037781970613,-0.45817545135116694,1
0.02518915524019046,0.6467936268685835,2
-0.011039060067956621,-0.47381572225621044,1
0.3706700303661504,4.340090853289345,2
1.064756025449202,-0.9981180329287922,1
1.193390330487806,-0.5593643372939208,1
1.0605812607576615,-1.0167719727835483,1
1.2086615412824449,-0.6863919796243916,1
1.147067557757627,-1.043373041467754,1
1.1674332179532927,-0.6468197565413821,1
0.587628795513767,-0.7935960167331477,1
1.132008809519215,-0.6980576317610401,1
1.019968105040173,-0.9115702111833266,1
1.3471866547477518,-0.8854657640256675,1
1.052179852662137,-0.8492727590909961,1
1.182928940218358,-0.8026946283456496,1
1.4489278712294633,-1.0012236819607883,1
1.107586992310458,-0.8439958960561363,1
1.1145798324526188,-0.6615944787427706,1
1.0109770994753093,-0.7984437941331783,1
1.3223106061971093,-0.6472902266485309,1
1.0204218657406192,-0.848029229708838,1
1.1895650885927602,-0.736718204585236,1
1.4133075141627938,-0.9068344015240306,1
1.3285428350634583,0.7407543075721805,1
0.9107639391858112,0.6246125463570795,1
0.963570049298904,-1.026359014914288,1
0.8363007835185914,-0.5735233311276163,1
0.9301104858784923,-0.8106826630722861,1
1.3168683296026862,-0.8265289863913985,1
1.2912815050144626,-0.9136389752896956,1
0.6409211720823624,-0.5783505162629858,1
0.6757414587429887,1.7185503349857754,2
0.8726202668145353,-0.7149782640189125,1
1.2658079702261562,-0.8509982538493778,1
0.9865506508906031,-0.7753564625380567,1
1.1844288560334097,-0.8207348376404441,1
1.1705537822272993,0.027103791675875885,1
0.5335540137801199,0.1999547448988438,1
0.15806334687808996,0.20012694448209223,1
-1.193429323672808,0.018348115966882014,0
0.3039170271118039,-0.992573428369778,1
0.8859675725651661,0.17069007619183443,1
1.163983108820918,-1.0886798500957175,1
0.6412102856384899,0.4112059504096537,1
1.158918719436858,-1.07348758127865,1
-0.5049621352332851,-0.12559050720125103,0
1.0032043866528655,-0.28405892223613965,1
1.03783407456199,1.4468931267684209,2
-0.13968659841953396,0.4287980864734848,1
0.8839408806879308,-0.9022302507528297,1
1.0677476267504808,-0.8934264764096235,1
1.193325596531504,0.046740767755353144,1
1.2149148932586156,-1.018003863196222,1
0.9937196368967457,-0.03601439771257113,1
1.233968687183329,-1.0529238228820867,1
0.8372837679385596,-0.7309652171042593,1
1.2973755959239015,-0.2594531728395313,1
-0.15875964299925138,-0.39159655056804327,1
1.425120293977904,-0.16823400716558704,1
0.5590517546279152,-0.2983233589848763,1
1.3339447834863878,-0.0388738763523583,1
1.6162644100994834,-0.870883715783088,1
0.48492961393276596,-0.45170035900670374,1
1.429253549901213,0.0727258304912899,1
1.555024565918876,-0.9170601022635843,1
1.6195546536305974,0.2557805449498216,1
1.6515310210211165,-0.6676008311522267,1
1.672469166112166,-0.9414077149958291,1
-0.04160727843679179,0.6445953216886581,2
1.4888640538331468,-0.7678809280662094,1
1.77247573152586,0.036512247727562466,1
0.5967948719570747,-0.345283740477384,1
1.2126672228071207,-0.5932170017379144,1
0.056075428351034386,0.623043383695426,2
1.4738628781702892,-0.5657145791981575,1
1.2353952717832717,0.4725619216930211,1
1.4908330043449605,1.886757545870491,2
1.3830461166592218,-0.7227239924093756,1
1.7781866439630523,0.09736510315204461,1
1.7543260837173948,-0.7747962908942266,1
1.551399429003031,-0.038645497739829685,1
1.0841698732445149,-0.34625993780522724,1
1.3668094691385415,-0.8071625582261603,1
1.063006935486019,-0.45046893828127527,1
1.625872122954061,-0.9093538408340377,1
1.7085007645343595,-0.844306232703813,1
1.7899591247634958,-0.7723332698990019,1
1.718847992155225,-0.8484616546700516,1
1.7746285007866098,-0.7983888311414841,1
1.3626599652506277,-0.7158325638630422,1
1.1939341182982641,-0.6091503101675455,1
1.6198588780802685,-1.0397528626905708,1
1.6016896039780097,-0.8150859542335528,1
1.673069197343728,-0.724109120186609,1
0.25572253100540465,-0.20149656720280598,1
1.2036594325981749,-0.6414407443917003,1
1.0468756023335228,0.3383157438791732,1
1.7857127309933283,-0.8186958804586297,1
1.9065846387896113,-0.5632797327153339,1
1.9927870448369522,-0.8041996214719863,1
2.069326377848192,-0.7851454860698185,1
2.0744198084764367,-0.7162367878764462,1
1.284227836357841,-0.19502874234162745,1
1.511194222154894,1.2233057730096581,2
1.6273922943526216,1.7111960235596961,2
1.3804524802549334,0.1532819475932882,1
1.3347615205618544,-0.6270159123803949,1
1.8211936902015127,-0.17552278863155685,1
1.9870115080905748,-0.9723493640661367,1
1.7062562881779728,-0.4405706357756382,1
1.188976470397343,-0.5810069420325477,1
1.7280729485095752,-0.6051871489307807,1
1.9666827079228402,-0.8084439168778635,1
1.5819131238567667,-0.6518076410528854,1
1.0519843040984733,-0.2659722812073892,1
-1.2508146079353906,3.476685725849505,2
1.921880573063035,-0.8826530334485112,1
1.4314350838290326,-0.7050657603972939,1
1.8350257474516343,-0.7066451218269381,1
1.849899081475052,-0.9799609749264974,1
1.9014188544860435,-0.8279676279308326,1
1.7427790136756944,-0.9405713801462104,1
2.0752633941979526,-0.6881887758976263,1
1.9430489130367627,-0.847989412084322,1
1.0414400283702023,-0.17358126193749668,1
1.9683209227756984,1.1674743156779803,1
1.856676307243503,-0.7229788732076735,1
1.8973117183856698,-0.6573053151254264,1
1.6410692484621077,-0.6049279197641804,1
0.987092795551693,-0.38146654624341675,1
-0.37612843135911334,1.4070828902440975,2
1.5557046400526076,-0.020887089200238268,1
1.8715571241109012,-0.5795620806132605,1
1.7844039754709569,-0.7416688231362393,1
1.5040697713939564,-0.6307208924707663,1
2.156626098366431,-0.8790151806409714,1
1.7484935978148823,-0.8593308070548358,1
1.496846323229017,-0.5303730241006968,1
1.8209617511568574,-0.8109066632609482,1
1.9185191625145115,-0.5048507451564362,1
1.9380940315764312,-0.8236099720595912,1
1.9603594240752666,-0.7441517094690105,1
1.8026997602443342,-0.8330112266305625,1
2.0976572510828904,-0.8831082673715055,1
1.6950184139216224,-0.7245271829846655,1
1.5199745431674854,-0.5087265212058644,1
1.8849718817024972,-0.5954965811158845,1
1.6510337386545249,-0.7175444831917345,1
1.8544634096380974,-0.4990646307499897,1
1.2744289127707105,-0.5339623435390058,1
1.82361987843408,-0.6483451718657618,1
1.642494533225759,-0.670860808059763,1
2.0630316988701147,-0.7118288154631817,1
1.8287483414165528,-0.5726347163426441,1
2.080467831745746,-0.7116588335216213,1
1.9221620111116868,-0.5222306220986415,1
1.667107749719683,-0.5908090047383802,1
1.8047790636242902,-0.5270000180022567,1
2.116060781304777,-0.751740724255594,1
1.9228239104759122,-0.5558499534004563,1
-0.030753909467136638,0.018593506051110913,1
1.361053415745725,-0.0837353654749765,1
1.972304926904786,-0.5634038455029143,1
0.34449532795950916,-0.1298340090530884,1
1.6182323820673035,0.1817538907414693,1
1.2714882698241212,-0.10549699117893163,1
1.8349945127042258,-0.44374184779407827,1
0.9185290888131017,-0.26358298171812583,1
1.6509748801343038,-0.4658579886732385,1
0.9771557323025071,0.1567677516914426,1
1.0140455810622624,-0.2747524031333255,1
1.7019422082036786,-0.4745952414874153,1
1.8124650367645723,-0.8031422007360518,1
1.3080496317009171,-0.14913268835873597,1
1.583653324701277,-0.3132221311394755,1
-0.06406241360879641,0.5807868147204778,2
1.4707972231070816,-0.4148305080380289,1
1.6436945896558897,-0.35072969058132053,1
0.7957092742061448,0.4442083488236341,1
1.3282780721651377,-0.41659204081811313,1
0.43807174700818174,0.5921516962568374,1
1.6870677359437907,-0.533781559337691,1
1.4917697818962667,-0.24413156548902,1
1.6096702759796324,-0.40330990220580826,1
1.726693304296004,-0.5871773020483239,1
1.7019555233553216,-0.6002111832506409,1
1.1893748049849802,0.028796187662911813,1
1.9764686993485296,-0.8084075944740521,1
1.9459934121479678,-0.38728015158091855,1
1.8382538582920973,-0.34390731466081775,1
1.3601546538183396,-0.1358620251231562,1
1.0602194637589109,-0.2684677320717775,1
1.6297122018854182,-0.5417653751582664,1
-0.08532994791643189,0.0992673132658163,1
1.9003511103494768,-0.7674247599928545,1
1.8694188912285157,-0.6276977350405936,1
1.4869148767663245,-0.3077787114613066,1
1.850210040607173,-0.574406918183044,1
1.9509900687379347,-0.7494618262786822,1
1.0346781415428516,-0.3531829817116955,1
1.921246875700627,-0.5389151834921724,1
1.6604937176918138,-0.7533895515605619,1
1.9214087393811508,-0.6794187827302408,1
1.7841300986086515,-0.3527851732444579,1
-0.34488047314864895,0.5499816709527413,2
1.48906600208119,-0.677085387939476,1
2.043708645238915,-0.6082942362201895,1
0.3365369984363946,0.6232202870377923,1
1.8400263157549686,-0.6815363376987518,1
1.7980849113000867,-0.6248311149922839,1
1.394809407955046,-0.35963822417077806,1
1.7529843931623295,-0.30386280328355053,1
0.8442648840604798,1.6780624778580433,2
1.5234966398601,0.22898904561493477,1
1.8231273661794754,0.525406327405436,1
1.9410558277013084,0.7531507483347165,1
1.7695123985090588,-0.47790758166033104,1
2.008769180083118,-0.5353809118617056,1
1.3690105313764356,-0.10980344695825524,1
0.5949403688700975,0.18875689218451608,1
1.7951748139366928,-0.6079030825303162,1
1.8721561277410168,-0.4757143189588562,1
1.993487995303131,-0.7508434914094402,1
1.3219336664873915,-0.44180661358637424,1
2.059771542690926,-0.5972248244797423,1
1.663098459480694,-0.7427812467068158,1
1.7524417473279186,0.1888489282727285,1
1.5051332689180785,-0.7706414947296732,1
1.7487846345492861,0.1609592176517213,1
1.7912258766410412,-0.8417845774036027,1
1.6946112235089548,-0.7251833619285397,1
0.5689741968153488,0.6200985339345257,1
1.5757394559826805,-0.3569669407345308,1
1.9818445382878773,-0.08058446598547171,1
1.8064989521965285,-0.9052694605427754,1
1.8979758509031082,-1.000053728585023,1
1.8210599114448642,0.04589437341571517,1
1.9030711883355862,-0.9124880082395181,1
1.0668404319557372,0.4600715186208948,1
1.2627577220032653,-0.3055931779765427,1
1.7233675471156416,0.09103804557084434,1
1.5150878697819121,-0.8065404733982665,1
1.6445955744115686,-0.7496572623370243,1
1.7633125275575925,0.45214968894660784,1
1.79120672169643,-0.871374545221606,1
1.4215203017010134,0.43015835594020496,1
1.5203919623746254,-0.3648857295966723,1
1.9803354591980884,-0.37510806882981507,1
1.399248144433543,0.17803649113532183,1
1.6599058407200842,-0.01720119020775837,1
1.7855247417573594,0.030718559544261545,1
1.112776216429746,-0.27021479554642225,1
1.9451709879980401,-0.8252078948025002,1
0.2160117652318649,0.4104318579795715,1
1.7361848147266639,1.9417552557405136,2
1.752824348564658,-0.7341027352989323,1
1.9571421333986638,0.18678322499382238,1
1.3902317617593103,-0.596181397941187,1
1.665135625477034,0.008700588837475307,1
1.6108035233913498,-0.5275734272164965,1
1.9647661309886402,-0.11594858884103525,1
1.7872382901460664,-0.5998951119145896,1
2.0230554024914844,-0.7604856373252412,1
1.7001164818035157,0.12422802639168237,1
1.6615027959652162,-0.8194042454735305,1
1.462078485567765,0.2126536715173622,1
1.4772521241187475,-0.6990863754582469,1
1.615647583301859,-0.8416492273151289,1
1.44098049453983,0.14612104687259395,1
1.830484434837368,-0.707167433768634,1
1.6822184979177064,-0.14378797435380974,1
1.9670831000944053,-0.9760853387351389,1
1.0826894252913197,-0.5530088798659005,1
1.7585880715145839,-0.9224051836862356,1
1.8597086549534823,-0.7031389898294275,1
1.9833016944027846,-0.5269723490078064,1
-0.03387014639276003,0.23424749945825488,1
2.2086072824927605,-0.4906197851246706,1
2.051278756422016,-0.5079938987494513,1
1.9651455152646673,-0.29126902922017756,1
2.1996578823270165,-0.6511881809881298,1
1.8516524758043775,-0.27350714410039884,1
2.0766701882337797,-0.659539564778026,1
1.9187396501187974,-0.5732033502391992,1
1.8213221205143475,-0.33270428700704,1
1.7657855313039472,-0.6115840636290422,1
2.259781117046861,-0.6501210537701514,1
2.102115348556178,-0.7303343748736496,1
0.39316785711810576,1.1661938564506955,2
2.1021358994263926,-0.5830497155906846,1
1.855484124312629,-0.5793994006340757,1
1.6298056948115818,-0.4707922405006588,1
1.9243444301512675,-0.6256609993114512,1
1.3841525399591512,-0.32970586306496313,1
1.953690709864526,-0.68908273821504,1
2.033959835443406,0.7563173539161909,1
1.750680268835758,0.6025638331323954,1
0.15008321126706778,0.5710091978210747,1
2.203525967126303,-0.600571532704992,1
2.1526885239265963,-0.6477290972553471,1
1.7077707215060964,-0.4137408241022603,1
2.0976911658783255,-0.544522082458223,1
1.989277114293678,-0.7666698118639333,1
2.1571560789146944,-0.7442441262675845,1
2.029958668047878,-0.8601097854891276,1
1.8818637469154749,-0.5643985609865284,1
1.8350474789757532,-0.6863780201312857,1
1.536604895975653,1.5805521203746162,2
0.966991639954532,0.4738874334146844,1
2.1029839634114795,0.14528833387354656,1
2.106013030418814,-0.7937642252017647,1
-2.7020006753821715,-0.39543439374036254,0
-0.06877022092165866,-1.0748364869607694,1
0.14158774974261293,-1.2647996604693896,1
-0.1386744556759875,-0.9841371082015302,1
-1.2200651048755617,-0.8033303239719953,0
-1.5791696810558398,-0.6796387366665486,0
0.7308424909621964,-1.2389081657986958,1
0.5386039102154281,-1.115701137076932,1
0.5272027239157974,-1.1064178404348664,1
0.6335477967869428,-1.3302561428240394,1
-0.17055885283421554,-1.0054208295987954,1
0.4345701288156386,-1.2718551923751165,1
-0.8471565507406731,-0.7608333866158994,0
0.18356861071855166,-1.2582402038477645,1
-1.1101031362908538,-0.6677006540842405,0
0.3165858849848919,-0.6499583823982187,1
-0.3812628851819511,-1.038236825551676,0
-0.3619251054365156,-0.9084779951573119,0
-0.8402099588974369,-0.7694984698829909,0
-0.07172179353190783,-1.183040512972317,1
-0.4159333955448635,-0.9252923565349357,0
-0.9944689186269445,-0.7082213634650567,0
0.6053536774957978,-1.249307685411789,1
0.6561930963875071,-1.302387335643616,1
0.2713407053322302,-1.1251518805487721,1
0.07191863850656652,-1.092885319007048,1
0.04588985248656801,-1.098514442168171,1
-0.46866682030057627,-0.8626171667815885,0
-0.06159163241906976,-1.190515770595909,1
-1.597952186254869,-0.7070041876781246,0
0.21386483425689062,-1.3472572530062235,1
-0.44610561667741755,-1.1225338645606995,0
-0.8243303720069756,-0.9204901695988509,0
-1.426543736523284,-0.6394166446129068,0
-0.7482956995326758,-0.9228639687870723,0
-0.7463189398840622,-0.3678643820104761,0
0.16535094783003612,-1.4655623082113536,1
-0.45346238029220165,-1.1893899062286966,0
-0.168731393277797,-1.1403920887740238,1
-0.24947438474023267,-1.0976891277009144,0
-0.1243087478334584,-1.2640498745510167,1
-0.17129943825214566,-1.3355907674816387,1
0.20732978345838396,-1.4415689064368535,1
-0.3136960884688556,-1.1337417644718448,0
-1.8372424178166618,-0.6924526108169997,0
-0.0188094819596285,-1.245035993937247,1
-0.11293121258213382,-1.2869121094062252,1
0.2613990978517387,-1.5891811076558702,1
0.17965297417854556,-1.4146917692383782,1
0.07764225309518656,-1.4918541520550523,1
-1.4949949580062676,-0.9257624023130357,0
-1.9363077408176008,-0.7822064282662883,0
-2.1850075866583256,-0.6560569501030529,0
-1.955926558504103,-0.9170424737107203,0
-0.796362342805069,-1.198164028867614,0
-1.094093392253964,-1.1992241984038163,0
-0.6682432365985786,-1.3655622898101372,0
0.03264258306638215,-1.456016121952552,1
-1.7371752913024086,-0.9758189728633342,0
-3.013746972098546,-0.5910602562804039,0
-1.7582884795195801,-0.9038587700863547,0
-3.1973149932865286,-0.5075950999438968,0
-1.8237008401374366,-0.9717672237894052,0
-0.8044035378524181,-1.1608504728200992,0
-2.8918404263660786,-0.6043159631006959,0
-0.9181474198498467,-1.193093577722415,0
-1.7215048222302434,-0.7712253369014732,0
-1.6194526054414682,-1.0928659926580129,0
-1.9930290860777582,-0.7125362767066588,0
-2.673811778445157,-0.38384981595866147,0
-2.703597492288307,-0.686045631349489,0
-2.3866755269491966,-0.8018492998823279,0
-3.2281113462071436,-0.460235020317937,0
-1.04308079292145,-1.5744597355501555,0
-1.843021322250694,-1.1149049335340717,0
-2.301121109735072,-1.074767014886308,0
-0.8917384694327163,-1.508108710841991,0
-2.2832758273764027,-0.9568770520064,0
-2.8486972470800955,-0.7778245129887407,0
-2.008153330218993,-0.940696362397428,0
-2.5401544814323116,-0.7713349348838328,0
-2.8226464784448604,-0.7909976367412239,0
-2.9711195136208195,-0.7522706211782214,0
-3.8379104892102327,-0.5627280096596337,0
-2.9764203687725814,-0.8550348407563054,0
-1.7119889771719596,-1.2350524679705195,0
-1.2496286974937527,-1.5051934784782748,0
-1.4719472514660945,-1.401488131485173,0
-1.1679399694535486,-1.5387124782431794,0
-1.0145852346947328,-1.4234538484229446,0
-1.9478219369451855,-1.1268213454314724,0
-1.5511652163452472,-1.238795185622067,0
-2.354358922093499,-1.099441965413866,0
-1.5281023137301086,-1.3825663282868128,0
-2.39461410918187,-0.9611112185270889,0
-2.2287383328961488,-1.0304022549750487,0
-1.9787964037600556,-1.232859685079462,0
-0.9787325427974529,-1.5997223546144577,0
-0.6058415822171894,-1.7114017586294852,0
-1.2396493742746302,-1.4836430504364029,0
-1.515044163411213,-1.2815482479579925,0
-2.175403662368557,-1.151420250978113,0
-2.367049723095733,-0.7378126578259419,0
-2.245809118265201,-1.2950408201190087,0
-2.298245632177441,-1.0273689143249334,0
-2.5967163920705345,-1.0538459237163085,0
-2.9323790515672843,-0.9167972250959698,0
-3.1129675547168976,-0.7036756539561886,0
-2.2089945379880898,-1.0341411282907023,0
-3.3265641408928635,-0.4203333786111808,0
-1.1430586220950623,-1.3236513501987113,0
-0.5951842396332817,-1.6021876386494558,0
-1.060318648093037,-1.4502607125612574,0
-2.1183112135047932,-1.0576805212298481,0
-1.6468000980024164,-1.222202417666071,0
-2.716250252264256,-0.8610585611825098,0
-2.349117777469902,-0.989098612055764,0
-2.7280347141153136,-0.8494746378117783,0
-2.0252594119733702,-1.1117781473218127,0
-2.2125071584729596,-1.1409001463539,0
-2.879061154803779,-0.922833540941604,0
-1.3587265409677844,-1.4922299421054688,0
-1.0824024764203972,-1.4300035319901407,0
-1.942943389230129,-1.1295788389221415,0
-1.1479015287957315,-1.3829117765771042,0
-1.8623817396971505,-1.1902766992615739,0
-3.1639377416870267,-0.36894944873127555,0
-2.891563671615447,-0.907478845752448,0
-2.417523865808406,-1.0854630676688029,0
-2.020190536345564,-1.2156403040316608,0
-3.599552799680559,-0.6720582711685659,0
-2.0151002272574163,-1.2392116800564459,0
-1.317926604802682,-1.4830518759032665,0
-1.1838972569057515,-1.3231461520000938,0
-1.0989446146766384,-1.4296821046064638,0
-0.4839532139166051,-1.6400222688704715,0
-1.9714404647560566,-1.2451625175797538,0
-1.986188370359948,-1.2616304329054904,0
-1.9714758126625813,-1.2651783855186876,0
-2.5436147172476,-1.0280130789091106,0
-1.8677125818969786,-1.1814257347545256,0
-2.8408256389625306,-0.9584834675264808,0
-2.1380263518894167,-1.3574090351522288,0
-1.4259487864545461,-1.4304909396897152,0
-1.8418390352819942,-1.2781850964710753,0
-1.1015407562113417,-1.4251277096597306,0
-0.6360119365081269,-1.148937379340295,0
-0.8073789636060226,-1.63686798976215,0
-1.2133301431340002,-1.5335297998409974,0
-2.263796643582271,-1.1137604246598931,0
-2.1767640060362634,-1.1739269024068515,0
-1.7470033643325618,-1.306874631988972,0
-3.0651727332486223,-0.8422022868738736,0
-1.1961517433416062,-1.5233722490557502,0
-1.335171995322441,-1.4230808020110821,0
-2.6353939276298735,-0.9839564323110943,0
-2.15580421463752,-1.0514763552739448,0
-1.3656438807992572,-1.3660175624336222,0
-0.6643194959579256,-1.6997628941544767,0
-0.731701466615904,-1.6467275277259603,0
-0.8509424334667864,-1.642193290977833,0
-2.858404540968802,-0.9021559322677313,0
-0.3996459339240047,-1.7688021280869208,0
-0.35927026678113183,-1.7924648457802284,0
-0.9894561827909613,-1.5387410936079085,0
-2.1807219431374043,0.664650234276686,0
0.12590986241489008,-1.392628858763574,1
0.07429431968693997,-1.8889674072695497,1
-0.5306241318508323,-1.015534002835993,0
-0.8935956284440096,-1.1656992606940477,0
-0.05290520197579941,-0.9136935070944039,1
-1.0313622637124527,0.44793218373765586,0
-0.6409778816931553,-1.4820671440727562,0
-0.6530116730816992,2.1890987913705926,2
-0.2576474792907777,-1.7209630439696872,0
-0.9846353584951252,-1.283905835567561,0
-0.5619810042593216,-0.30879545902208994,0
-0.9929810588793021,-1.4041199417597146,0
-1.7389519025939235,-1.3878794955588691,0
-1.0422001421648182,-1.1059113361065516,0
-1.6406474472756383,-1.4308306716570716,0
-0.5020304642596811,-0.9801104243914209,0
0.6040953733861956,0.9630209753891309,2
0.5785273651195684,1.8332203837008432,2
-1.420585189874786,2.6687321854420656,2
-0.5039404763122327,3.1554173485952774,2
0.3433739639721488,1.0119851188958195,2
0.6091950584025099,-0.5786516129001169,1
0.213535825479806,-0.02426483379831861,1
0.619931157630749,-0.734362770821233,1
0.8393695816430307,0.9148251322769112,2
-0.6340561447578451,2.294374032621699,2
-0.2744597841810163,1.8033760809922676,2
1.018702011562488,-0.10345354871121146,1
-0.17215315473621828,0.5587946799988992,2
0.4265515313954472,0.6293052200011526,1
0.9817325490096729,-0.8716377521846254,1
0.740921517830845,-0.20270873397405817,1
-1.6130612943993135,2.5206643641117927,2
0.01277719857358227,1.4341558698080255,2
-0.2301182072014561,-0.4925826395530949,1
-0.009379498957531755,2.014400425492439,2
-0.8738061277257332,1.3554473750527185,2
-1.0334107703655875,2.815224380260358,2
-1.3176306726391664,0.9788521192701719,2
-0.11862318508718223,3.7649381978964045,2
-0.754753902436923,3.145942649586588,2
0.4571486561060896,1.496993431403525,2
0.8315915607162552,0.2035954116465847,1
-0.21998465146634685,0.2046483589987199,1
0.30422700855397344,-0.37632143526962786,1
1.2013502061067334,-0.14135277699133036,1
-0.598592431272123,0.7312207205253641,2
0.8853913233435533,-0.4298020373730415,1
-0.9309361320169323,0.19667264692112768,0
-1.1005307342163089,1.1984634968132157,2
-2.0412417954908593,0.7783766284613252,0
0.2620751730396422,0.37948136121069576,1
-0.7765816881264774,1.5824493117676337,2
-1.9421821912740496,1.0792786627110114,0
-0.6639243058094766,0.7147680034738655,2
-2.777688273764451,3.9848658374026944,2
-1.281278648609497,2.658337828416305,2
-1.224006102275647,2.4994310394700947,2
-1.06053097793393,0.16758042891086913,0
-1.5216688071286104,0.5091417893864307,0
0.2820755408040603,1.2949665639004893,2
-0.1285561466364575,0.016576192469334197,1
-2.391859040406674,1.8000779908776932,2
-0.6760654393429648,1.8428446207682367,2
0.42931775112833404,0.6370314549132895,1
-1.3087578811145308,0.8968308170286513,0
-0.42650474377302966,2.365520008150282,2
-1.8362334680521963,1.3458140155934981,2
-1.3973523695661745,1.1576064169569722,2
-1.788746570022403,1.1459858994477876,0
-0.37160274887046335,2.28963881952471,2
-1.3346235563506437,1.4594570825614914,2
-1.7412924190529628,1.9135684218394906,2
-2.309570809185329,4.062006325972637,2
-0.20322956121538235,1.2845441913152802,2
-2.1561387855090217,3.578346026304675,2
-1.5764021930673382,0.6438328330172554,0
-0.8355935312515308,1.5815834146063723,2
-2.219390794146783,0.03997370858206937,0
-1.2857550299566156,4.149079003717547,2
-1.8912270881689253,1.4274724015079878,2
-2.1361260284247776,2.6025688170343813,2
-1.6148339536404364,0.8746153002302037,0
-2.610402187408537,2.1511652667315033,2
-0.17062321147905204,1.3368465729515535,2
-2.5712374039137393,2.9993611544723517,2
0.015175549048524433,1.27446959197754,2
-0.6398448387908036,3.5605302011065296,2
-0.021567923526127568,0.8170292946762351,2
-0.07269554642685004,0.7251337325967632,2
-0.1478042989889114,0.28315112616417837,1
-1.693757271150135,-0.01241668179964661,0
-0.8066231361130561,-0.4069028395936836,0
-0.9643803964973595,-0.343072004493515,0
-1.7319756385165062,0.7917783006129369,0
-0.086619579795956,0.39958615274172465,1
0.11682166054379373,1.9829635740177347,2
0.1351241814925155,-0.8876402945173817,1
-0.14093946824409423,-0.7678225703713801,1
0.16630230693452036,0.03502462069578526,1
-0.11052784125517881,1.146598567928868,2
-0.17719888263974856,0.3721578402780494,1
0.11392330077556019,-0.9947023159918201,1
-0.45102802989273083,-0.6708174612224181,0
-0.6454567340342567,2.279285150039885,2
1.0311259370380794,2.0702042468933,2
1.3647985394297864,0.4006725806545156,1
2.231267455298025,-0.023784371382216958,1
2.2613436786721137,0.7502846602714037,1
2.084725565434299,0.020486594752379014,1
0.40090112935621186,5.7081352320497984,2
0.1377801277219183,2.140248416715903,2
1.5816987871596861,1.2881173752694315,2
-0.024676650800361657,3.5527596744253596,2
0.5484584600080535,4.073312844575553,2
2.3271246895860767,2.1758546065173294,2
0.9552858440299202,1.788242394927331,2
1.6282118632599227,-0.06869539598312671,1
0.9957882449415906,2.478765484193389,2
0.47088781020441367,0.6693783261791719,1
1.630593973541297,0.47277042264455915,1
-0.22169863410805135,1.8009021183426637,2
-0.4998242925803497,2.8393976099955474,2
0.5089392317171799,4.240772657683646,2
-0.3378097423637509,1.7481467974116427,2
1.3703522765914455,1.2374455555641801,2
0.4872623323123244,1.2157432327423712,2
-0.09302167411177631,1.9224633605116965,2
0.9952957420868273,0.019203600578835564,1
1.8898420755739551,2.0465255979342944,2
0.34255127748717995,0.4679618592654434,1
1.5549525659630437,2.3260756563435145,2
0.8380376019703288,0.5336261846737136,1
0.5675606968975401,-0.06840024693714503,1
0.10675186390262062,0.5061888660496346,1
0.78549362281043,0.08802069581778403,1
0.841757858681808,-0.007360259757679457,1
0.5099363195277585,0.6983848716682405,1
1.5068168824006254,0.4594044536418792,1
-0.37620497005461123,0.7545099497066597,2
1.4313405762444078,1.0179639775153642,1
1.3989146488061164,3.2609265174746627,2
1.3708430584949025,1.7131270205098732,2
1.7731331754899775,1.3720617984487362,2
0.04787416632968041,0.45317744278880845,1
1.051692920667566,-0.11330175637067898,1
1.4163874902652431,0.3533946619610631,1
0.23346649261779953,2.051238015546576,2
0.6836779048925687,0.7098225195057822,1
0.14019136240257207,0.12515690489899006,1
1.5422752143706233,2.4333054639181166,2
-0.12472058369358396,1.0346211550780393,2
0.4700883467202271,3.142123983890674,2
0.9194444247248212,1.9677255755693426,2
0.90659805389939,0.7612172243059192,1
0.5601946026160082,0.804503842221961,2
1.0486241142300923,0.4991403882847109,1
0.8026763014893191,-0.406164803764743,1
0.9978566201510152,-0.1441825124948009,1
-1.2222538461146861,1.14454796508672,2
1.5125475619333204,0.39917369463036473,1
-0.1592436223657752,0.7793452010875038,2
0.7057375601528155,2.154729148664988,2
1.0529030955599024,3.286191071315939,2
0.3203915132437133,3.006610015242731,2
-0.34938360611918057,2.601129055929796,2
0.21961525780340097,0.9855722558563965,2
1.1075467314767558,1.2193498236045959,2
0.3384199697885669,0.09087668757608404,1
0.5870805967429901,1.5056250948066543,2
-0.0060974720234478535,1.4089160501155937,2
1.9152318247509301,0.8015119141841123,1
-0.2173216108312888,0.6280436767071141,2
0.17093964398460346,0.20024204584630606,1
0.18458890338103243,3.260338743582248,2
0.2353820569141128,3.9263367998000143,2
0.8013589419232767,3.4010020636874723,2
-0.9891304617420625,2.670385756473794,2
-0.37273952035782176,2.011072225222569,2
0.8466968831029703,0.00331888025666286,1
-0.7234930804966782,2.299680050762499,2
-0.27635977638266573,2.3493359286427142,2
1.3332521032976312,1.009013300206348,1
-1.2257647209984768,3.893806240731664,2
0.5792570689498588,2.3304776175827118,2
-0.5041287026211699,1.869284330129049,2
-1.418548586577083,0.8616950881089489,0
-1.338023844564741,1.7291242041627513,2
-1.7672108554683896,1.495921629008999,2
-1.5339011702755079,1.5085199340736664,2
1.4491798109271794,3.6006539318906388,2
1.8524911704751748,3.50690705534747,2
1.258482441696876,0.5583428600801009,1
-0.33887474268061746,1.0008318876332671,2
-0.6504507867421213,0.6569753506487722,2
0.8014026793945772,2.20901733037273,2
-0.46696102933004846,0.40704286654671573,0
1.9097094057397965,1.5901134208440193,2
1.2188385133296085,-0.19169480095333774,1
0.9870859303579838,-0.05635909583125207,1
-0.6519407200461735,2.5965126121214928,2
0.49759661272995925,2.2533876371771253,2
-0.012631941421998964,2.7052962272472825,2
1.958671928581384,2.493181291173183,2
0.5418448325034141,1.401899305431772,2
0.951359086658528,0.6375962098599776,1
1.1498380550987586,0.04510238028683995,1
-0.1629643862504037,0.41701959834611757,1
-0.6842173751657238,2.3796592979785443,2
1.22258773000398,1.406021121188314,2
-0.20372899590126664,2.2625715919316227,2
0.5937326561513583,3.098452258813377,2
-1.145142288775361,2.7160097591367665,2
0.023405847946588332,3.939320067512736,2
0.7959509183690887,2.5532729122100704,2
0.2538387288200655,0.30890441885626085,1
-0.8328864374273156,3.5020524985662678,2
-0.11470740412941409,3.8969137018829594,2
0.9536397368399844,1.589417953086973,2
0.8342298894342597,0.2421129176825843,1
0.5667858224071097,-0.14465907450197985,1
0.2543194989766759,1.6628823298149438,2
-0.05211042807995286,0.599843365924133,2
0.2631910979853293,2.1156500357082724,2
0.769176307130423,1.2372858821094161,2
-0.49064834212891134,2.532191757434654,2
1.1648105421169697,-0.3326865813376515,1
0.5554014870635277,0.19413393261204345,1
0.44472136700685394,0.7612837476403315,2
0.6996831326744739,2.6264281193075676,2
-0.5944967634899897,1.3680387271241787,2
-2.216260466003175,1.8728300869174492,2
0.5592789473721153,1.0457113200282357,2
-0.3849339373236442,0.3188680442079762,0
-0.39296513477570555,2.8287795052758486,2
0.49871185732349005,0.7900522969589888,2
0.13580494782145416,-0.32226813388460057,1
0.5175789572213337,-0.38835404954206715,1
2.0809866642294175,-0.8373482048151373,1
1.348795563878159,-1.0425593529233765,1
0.3796938776315662,0.18931679281972225,1
-1.5059206001804262,0.11156741524048748,0
1.5917653508881906,-1.1633929223446773,1
1.6166775999012015,1.9855902133419672,2
1.0214173978202103,4.320105945373563,2
1.5455936134053507,2.0430451809852843,2
0.33955113217900945,3.2011985317886857,2
0.2298652027772942,0.9564772035264242,2
0.3357284946018729,1.6691206207114908,2
0.9901735095288615,-0.17398312351391487,1
-0.10546662242910596,0.1819057045454937,1
-0.1379113300203195,1.2237984871937142,2
0.4335271851587588,0.6429298075570784,1
1.4919170233392054,0.13248189225289075,1
1.198878955413835,-0.33514272416617225,1
1.3923961138766503,0.2573988639454775,1
1.0874310357114128,-0.23041324389293527,1
0.11778163333344863,-0.33484461251605485,1
1.1789199324155684,-0.8261313255948141,1
0.9716291425091039,3.1601926790124364,2
1.3614288260712462,2.505577291460435,2
1.314502573983867,1.1786233207750298,2
1.1271927968616091,0.12339274475088889,1
1.4808102753858867,-0.6660667460471275,1
1.166196575592849,-0.47341445502298823,1
1.6697408852811166,-0.5340863930785894,1
1.0701940925572808,0.0846238835669678,1
0.05770262859261585,1.2438458504517016,2
1.730891700558318,-0.7024036725642389,1
1.915517548749695,-0.7722872661490747,1
1.3880255053432198,-0.5522073391789095,1
1.8749053680019387,-0.7317269445118643,1
1.9156540810757385,-0.7270772212625508,1
1.8753056125437821,0.5987235250504159,1
1.915530454840232,-0.7529932721779463,1
1.967260019288449,3.2999538294756015,2
1.9481971428427887,-0.20218391277661213,1
0.8203919701837076,0.14674697278922574,1
0.6782774238432422,-0.5008217783550611,1
-0.4718163649526457,-0.24040582188554196,0
0.3436681653033127,1.2190562917011676,2
0.2467066903140306,-0.3199177411146816,1
0.4843662578838336,-0.5512446673067948,1
0.1820269575050917,1.475452495759248,2
0.8719005384270069,-0.5828768404406879,1
-0.0641738861749828,-0.5319784211317089,1
1.4845313380338554,-0.6623746770387435,1
1.2471189595317873,-0.9948261821818101,1
-0.5833681430016022,-0.3439737805973305,0
0.9961018312301019,-0.9113558615477503,1
-1.1678390750293002,-0.08475464094308237,0
0.2198827813000409,1.0425293859168814,2
0.5327339175696417,1.783224087753905,2
-0.8070476011925334,3.2888601409049336,2
-0.7176540759962736,1.359013955019242,2
-0.2804453454459032,2.7318504857151726,2
-0.3819664158304838,1.1714028237987408,2
0.11414822492416796,1.892180237452841,2
-0.35229880287898296,1.2181122459235152,2
-0.7002027210814918,3.1969463326063234,2
-1.583210845571811,1.6240613931610854,2
-1.373308995466703,2.0457172887085986,2
-0.4564765382480875,0.7458875716188437,2
-0.545490756183543,3.1960450076704645,2
-0.18086237851397452,2.1479106748662735,2
0.2755126319304932,1.7842900102167238,2
-1.496878363468444,3.301832378697573,2
-1.6418522206884822,1.477103801921671,2
-2.105673309419717,1.5658087411674357,2
-1.6099600392994802,1.7460652928643632,2
-0.7770773894594728,0.450892688621139,0
0.017895703848787834,0.9323804816141428,2
-0.6125101771628747,2.093437573997109,2
-1.6387296486571403,3.3888231171266834,2
-1.008910794199263,0.9207042155031012,2
-0.452353528042236,-0.4827405364758138,0
-0.49751815232605223,0.8062254250183427,2
-0.038139661199303024,-0.6963464168263087,1
-0.009541243391002551,0.8178098716896867,2
-0.03612988119065049,-0.9542839007786911,1
-0.22752863665105744,1.586721408702888,2
-1.403507842419555,0.046028764914266794,0
-0.6735024154706719,2.989294570028884,2
-2.3051814035982443,0.9534305819096341,0
0.7507906664826295,-1.0609035815027803,1
0.6237827545776046,-0.37434709025302015,1
-1.1944701324414353,0.6147496511620899,0
-0.7528149915119696,1.6652833339858688,2
0.32606932198384414,-0.14984409377331506,1
0.6345441706846409,-1.046312715172368,1
0.7357706646490518,-0.6286054379768579,1
0.46201818393936867,-0.9640606147960084,1
0.9247068500420264,-0.45474631441245134,1
1.1297301806274962,-0.42096109394854775,1
0.6263703803586848,-0.7044938821870127,1
0.9613587205929269,-0.8668609115525904,1
0.8340225543085907,-1.1198460771124312,1
0.3400663164927586,0.09902224458077642,1
1.2382466518327786,-1.2426835614588239,1
0.7308631510357285,-0.9988724256890688,1
0.9160400473309016,-1.1364933266599144,1
1.3644654258689795,-0.044099057042278886,1
-0.8857423567025569,0.13389457711725525,0
1.4792401631405703,-1.1561286973057643,1
1.1249193142514455,-0.7079354726655728,1
1.0748417138443929,-0.5198642769500262,1
1.7546757522715262,-0.7940055910112709,1
1.1535550178331129,-0.2188445189924547,1
1.2352535704542242,-0.5024790120298671,1
0.559417229113521,1.4871521305099373,2
0.08900377345014275,0.5787243950181753,2
0.5342965069204493,1.464222129793573,2
1.1649620107639362,-0.5332049004879218,1
-0.11543614153735424,2.114717033964844,2
0.5837904270760772,-0.42151509931613684,1
0.46807239667689265,1.8475974626729654,2
0.9930750021234666,1.3167391158569002,2
1.0670059747388354,1.5273558261899236,2
0.7629592332706782,-0.28535172907474177,1
0.8901743871163077,1.805223395322366,2
1.108843694023222,-0.33777595953806444,1
1.472967578650893,-0.47320672893499477,1
1.5983751587428252,2.096813520959346,2
1.0506047015119049,0.9099233733933143,1
0.07329434866975183,-0.19186065567044383,1
-0.8406753400715508,2.493116769779787,2
0.9199625797557983,-0.5289812888475507,1
1.3350274574787504,-0.9496868973432456,1
-0.5215064691539428,-0.046672427831077945,0
0.662155432429747,1.681483888163733,2
-0.9505429768873412,3.320433926962481,2
0.09929345023628372,-0.2420350116186206,1
-0.4151772718232078,1.1531786283837246,2
0.6831819957151908,-0.009542857169479729,1
0.43030760505044846,-0.6526439854779427,1
-2.23248425307349,1.1899814702125167,0
0.7597679047529708,3.261637320447946,2
0.9960090776192367,0.07282856020027596,1
0.9506257533593715,-1.1287060970700187,1
-1.1064307906800832,-0.08278156656590381,0
0.8223251671504219,1.0755973563155887,2
0.6421091046083357,-0.214271218219624,1
-1.507136891875493,3.3288156697817604,2
0.5689873415798176,1.3835369677009384,2
0.9977021384585307,-0.20391677967984448,1
1.1199589950705837,-1.1269369273471925,1
0.8343718957481,-1.0810169945189252,1
0.5771229913121239,-0.9929962050546137,1
0.9756040711324732,-1.2056943414670043,1
0.7099492925578149,-1.0740031771121594,1
1.0686785045456797,1.43688083942754,2
0.8535999494378864,-1.1321633574254668,1
-0.48953280103608926,-0.788557068441688,0
1.0219947796529594,-0.5168603910862976,1
0.8748680207339709,-0.30190069558922766,1
0.8796082696982882,-0.9892464600891097,1
0.8428171410517026,-0.9906403338894686,1
0.11700946920108603,1.3630844838795955,2
0.3303560451445764,-0.07409278180399412,1
0.2857365328160996,-0.8066446451566076,1
1.0010509439813164,-0.3433099945195576,1
0.915213451613997,-0.5578851782942912,1
1.058141884686649,-1.096089161578996,1
0.9079791661472495,-0.8438535314970337,1
0.9357527420137945,-0.4004452342034353,1
0.674301871342405,1.164031983578769,2
0.8237412513955048,-0.7687646681731514,1
0.6837823529464999,-0.13387054578817711,1
0.5980332474218879,0.08569307670608707,1
-0.44288608835284166,1.2343973606153142,2
0.7469575165402557,-0.28497084224842073,1
0.7778272947391062,0.5209735842414903,1
1.0325009812024541,1.8123407363753374,2
0.9956847149282576,0.1804363241330301,1
-0.4741809208938717,0.6136328461914256,2
0.29586238505502405,1.3054542772764484,2
-0.6181723555673292,0.9277508328844262,2
0.0008322507690688101,-0.1951719075383346,1
0.8202964718710242,2.01607894230076,2
0.0978240286266541,0.13534130994553245,1
0.4643988592499072,-0.54613605382813,1
0.29555591401990444,-0.5070517146409415,1
0.7902692536512658,-0.6529924093956988,1
0.7138550065788283,-0.7352267571345894,1
1.0498190316110738,2.9397490130167867,2
1.142145938185759,1.32904898112389,2
1.275595008410634,-0.7724791636175754,1
1.1777181237565923,-0.05150638789358024,1
1.0863313235743093,-0.721543134783607,1
0.8298559603028849,0.2743776776610604,1
1.4176567891106682,1.5912530323357075,2
1.0291794136470522,-0.9197590366685817,1
1.2537803346734688,0.13181250382682572,1
1.293320879232701,1.3157541818517473,2
0.49147781645022004,0.9025237531590624,2
0.6678142057815273,1.3656528388104385,2
-1.4376057173918764,1.9034062990130671,2
1.2474340305557823,-0.6528511183515346,1
0.775907364436658,-0.5329543967687805,1
0.9265183469116919,0.6269096874037541,1
0.9194448341117282,1.7317530470262688,2
0.4810407634415234,-0.7363916187974912,1
-0.6919690101043976,-0.11660714659503675,0
-2.1622808197763415,0.6390522641392161,0
0.9905848252180952,0.10803897386774393,1
-1.2264464353300164,0.467343091003171,0
-2.2138688120966683,3.055762060589556,2
-1.6034656125359588,0.7594656837747678,0
-1.1233718281531189,-0.8733440878282323,0
-1.1945677903468508,-0.48208935343594406,0
-2.38906874428484,-0.05645121226246358,0
-2.3310883569813723,-0.4990695885555872,0
-1.6673338728834681,-0.42394994896812,0
-1.8348797438229116,-0.5465936980204781,0
-0.44192862516984205,-1.2325368448701306,0
-1.4415847047661465,-0.8174575000661501,0
-0.9749260618754403,-0.7740591964905233,0
-2.6991099377882604,1.8930395284247747,2
-1.4937484324817574,-0.6808003891358732,0
-1.5075390638171389,1.9971813214298073,2
0.24529395424168457,-0.5738738983803454,1
-0.2882636823705955,1.9778077667007743,2
-1.760557665713037,0.15455143657981465,0
-1.3153140654855264,-1.3408532673484872,0
-0.63744665417711,-1.657842693961196,0
0.32084725419604354,-1.7054953382360027,1
-3.270252545933805,0.41915766767556406,0
-1.8646951799749387,0.8906398992392958,0
0.31661039775011585,-1.0775672447442972,1
0.11707072338402155,-1.6491524838281029,1
-0.5541310168601297,-1.3819994306519738,0
0.1777635211945263,-1.6751308310693231,1
-0.7759913235718013,-1.4826148039277067,0
0.20257595093987843,-1.830966093789095,1
0.12504260658752372,-1.808841360647003,1
-0.24828674921470684,-1.6201816522313999,0
-1.3109467334840246,-0.47773386777100546,0
-0.16897851875784187,0.20294729345114024,1
0.06054333633991242,-1.7626522538656326,1
-0.29289548289323436,-1.5852972393091755,0
-0.04206358182996337,-1.5746325109767767,1
0.09613230986395487,-1.5946326520545944,1
0.16214085024559735,-1.5716711428642476,1
0.1419585077144805,-1.6769804723339399,1
0.16739280168184145,-1.601161165190939,1
-0.20943680205229853,-0.926030765956896,1
-1.3657755099962956,-1.0550406688586995,0
0.04528911538888268,-1.3922411179209357,1
-0.10794234486585834,-1.587231303793022,1
-0.25140384524993237,-1.3698707757674642,0
0.12671815174440837,-1.4044856716869147,1
0.03494417719229609,-1.5498619633673887,1
0.14190039330109155,-1.6866858509352842,1
0.17241642593467502,-1.7091418239755796,1
-1.1725078541726524,-1.2026516492203805,0
0.18775193886094732,-1.6858202012799917,1
0.033848768973630455,-1.6640941354628784,1
0.22327760507798794,-1.7355633513967008,1
0.20801865357472088,-1.7334856460015946,1
0.23344886835689685,-1.7503635169674912,1
-0.4705315101989383,-1.4317107627351204,0
0.15207128100238176,-1.7051608352573167,1
-0.07155451663643377,-1.5869450276555168,1
-0.0023562516509187336,-1.6603312481801074,1
-0.03196246535392581,-1.645871104081888,1
0.46237886457727034,-1.8036569772489703,1
-0.025762642797989732,-1.594411812994521,1
0.1014190312037164,-1.6880715672246773,1
0.17241530374787645,-1.7201217995766485,1
0.34027068236002306,-1.675345725784816,1
0.27929453144218686,-1.5522701456516492,1
-0.04212420829841255,-1.5379197449640676,1
0.20804729162263824,-1.4532782261696773,1
0.15718150283464213,-1.6719118718201638,1
-0.011024325220775528,-1.5688672504327281,1
-0.21608057164859332,-1.4502762784352066,1
0.009684273882076289,-1.3934725328276147,1
0.1065958519288767,-1.6367141862541645,1
-0.2152781427620092,0.9212988334093308,2
-0.2599534268505165,-1.476696925921397,0
-0.24261916318370405,1.3420501155523052,2
-0.10829318544656764,-1.6993836844037074,1
-0.20216903761776508,-1.5862531423173962,1
-0.28125022623288126,-1.7052334087555092,0
-0.0899627775983618,-1.6275578496225955,1
-0.029541755204866172,-1.7228385807610194,1
0.0973202708915199,-1.8384044932994674,1
-0.42148371668704926,-1.6573162334817908,0
-1.9622092835771017,-0.9778897714777487,0
0.21537946258949425,-1.709324354722872,1
-0.36670714608449306,-1.5096782729185287,0
-0.7505181999787927,-1.2877045187941858,0
-0.02892972432914864,-1.662802743502468,1
-0.090891019759999,-1.7715106591669756,1
0.23188338807145648,-1.5083178201377367,1
-0.23566057428351353,1.2052662875714133,2
-1.0528448501733245,-0.7414201523648323,0
0.005198616325231295,0.13944406575702317,1
-0.11122806861557488,-1.6883140488286081,1
-1.7414421735050745,-0.9404445379522529,0
0.1745867057721208,-1.5367865418847904,1
0.40853622174704884,-1.712930807786908,1
-0.013103428003700434,-0.8119411801117402,1
-0.22375314867791335,-1.5742471077365279,0
0.2152087830279258,-1.7421962770632762,1
0.10339341188873227,-1.6730929042409797,1
0.1338684158508394,-1.438833135092154,1
0.2615776777678774,-1.7301746946214045,1
-0.32131320963953625,-1.4651522134016743,0
-0.04014229848550105,-1.5087886753324786,1
0.040178180678878496,-1.4664592574260533,1
0.28133079482397044,-1.752289505415708,1
0.19505599758409367,-1.6939664326870183,1
-0.2540456447191133,-1.2723183231835218,0
-0.003474967103764935,-1.6395483502858939,1
0.2855371342076671,-1.7347356324239895,1
-0.45771520329589893,-1.4543114513800637,0
-0.7837043285927686,-1.1423120062767418,0
0.3095151502856436,-0.9053877375876797,1
0.006054787613862118,-1.665841337514017,1
-0.20716291525807923,-1.5516647478268542,1
0.021002650926818196,-1.679089086684233,1
-0.2678388166169,-1.491075162260674,0
-0.8652357178554752,-1.3569764224179888,0
0.2197037628576133,-1.746242833453724,1
-1.6035373381697922,-1.056104989681886,0
-0.47483857739349467,-1.5032089069372478,0
-0.685543365657376,-1.4372250880156026,0
-0.6747218782891584,-1.3912513968874738,0
-0.6394047598771372,-0.8391968428182839,0
-0.3392546762399351,-1.5678216988501585,0
-0.4685788763403063,-1.5176793094916752,0
-0.011560151912391198,-1.6062798613161742,1
0.029138517330347183,-1.5322542696808499,1
0.17672396152110498,-1.7117244372650227,1
0.17663121184763939,-1.6551081878296414,1
-0.1726401079945417,-1.5330654342320678,1
-0.8646712065717622,-1.2629242440925592,0
0.02916868825706688,-1.6705654250341562,1
-0.09891178510183571,-1.6183259697377639,1
-0.2984887976514763,-1.2968478808443238,0
0.1869270394490703,-1.733580882014584,1
-1.8400498097855327,-1.0324211576096864,0
-1.5500759578422296,-1.0153799313780885,0
-0.017247239677723604,-1.4184836622454078,1
0.18696000062771778,-1.6362403901952676,1
0.1817101193606798,-1.7283001192263447,1
0.0698387325485744,-1.4431021650897429,1
-0.054343847381677295,-1.6182362042933691,1
-0.06748888677758831,-1.6492879401615619,1
-0.0013958130705467324,-1.6888318041456205,1
-0.9841180959369685,-1.0710892636843174,0
-0.40557358603589827,-0.552153666433913,0
-0.3484444573146549,-1.5185213446087182,0
0.08891746946044544,-1.7075618109141042,1
-0.14027273083616568,-1.6370742032121985,1
0.22241812484884474,-1.7632741182711873,1
-0.2887704586122764,-1.6140141432793098,0
0.2550666459802031,-1.7839618906453183,1
0.28553192705733693,-1.8318495535542383,1
-0.11147336701636194,-1.665288070236853,1
0.10658699194704166,-1.7488492180034871,1
-0.24051531631851197,-1.6328187043625224,0
0.34662998801303774,-1.808981580241134,1
0.06145910518013927,-1.6480292655437523,1
0.2244994841715498,-1.7906323962914619,1
0.005794564113976738,-1.6951185216393894,1
-1.5467370006515189,-1.059730412296757,0
-0.43109194118358773,-0.9479924643498774,0
-1.119436442021898,-0.7552820894793554,0
-0.026261497201755017,-1.7372964254119825,1
-0.0510445682442417,-1.8127958670220912,1
-0.4124974175071235,-1.3857674284598183,0
-0.15846146533037989,-1.755793267090197,1
-0.9373870392942297,-1.3704914382335849,0
-0.20422872570706457,-1.5873928665230743,1
-0.762670002811772,-1.545471325380837,0
-0.061875248669014275,-1.8257068630126703,1
-1.5570327660759264,-0.9601585455307912,0
-0.28894776463563066,-0.44359838923377165,0
-0.22254403211423357,-0.4417611285428468,1
-0.5462975593729369,-1.6136189525517703,0
0.14291103581026673,-1.4832890163360073,1
-0.05766772042754944,-1.7961715174860189,1
0.015038529979743082,-1.8446276565723159,1
-2.0766159694761277,0.3399322504291614,0
-0.00688100747610236,-1.0268939319597363,1
0.006743310401712763,-1.463265713677414,1
0.17900218509763352,-1.5659698212707158,1
0.40462682109995535,-1.5517843594443912,1
-1.3692523934324723,-0.49695886596960825,0
-0.27616567650577234,0.6799642030818335,2
-0.5419921224912781,-1.5065569126083564,0
-0.12229694510085796,-1.7484786062014583,1
-1.58301729056339,0.0025333543677626504,0
0.025197662043358833,-0.44169646560761894,1
-1.5418373048659173,0.18136782128041393,0
-0.5345330218886039,-0.2991991343377874,0
-0.7768365347766072,-0.8794439993794666,0
0.07930507148947927,-1.4850448013920678,1
-0.7051374125901281,-1.295339881748657,0
0.2213630348031718,-1.6879352635601714,1
-0.1217387284509699,-1.5924168954401816,1
-1.035483200059845,-1.2751258836916772,0
0.2970615829196975,-0.8737697614151845,1
0.20602310903697954,-1.4924614519827106,1
0.03671377337527528,-1.5128988025685637,1
-0.0737926109233096,-1.4022527387660055,1
0.1616046924968345,0.8117126075667437,2
0.13254125932652167,-1.671893948086126,1
-0.9028220272163073,-1.259375415888598,0
0.051497048935994605,-1.3974379307047187,1
0.041609815130177016,-1.6362222660094616,1
0.027631002773479404,-1.6255111255743548,1
0.0928098487585912,-1.5477399672572039,1
-0.14403515709928838,-1.0839482999696248,1
0.21288666967701977,-1.4053897825652677,1
0.4824292144401344,-1.5066449583931587,1
0.6502793683404118,-1.5129897932782015,1
0.2310520944489511,-1.2569887460178906,1
0.14372198724619833,-1.35661003877041,1
0.2738911970377129,-1.4685975349282177,1
0.47734881639184706,-1.4480370879261284,1
-0.8056487936494301,-0.9481405111771373,0
0.4154317879788237,-1.4219486063284426,1
0.5231854595020314,-1.3391300304927776,1
0.5180321868399176,-1.5237017193385096,1
0.04967487220440141,-1.3472592045701113,1
0.1230717376631616,-1.1049957442708185,1
0.7350228575510928,1.0649516733717257,2
0.3954475502122237,-0.9287685248734632,1
0.738478437330216,-0.698346888162244,1
0.8245098475802858,-1.0931373810989515,1
0.10822176898233839,-0.8453669209963356,1
0.8849223705496919,-1.1348533169699329,1
0.891031098785798,-1.0902584946735785,1
1.0842033905729154,-1.204200361751081,1
0.6460019725598187,-0.9677886154631642,1
-0.9877960941266993,-0.4649685357604609,0
-2.5334675790388133,2.9761995129838783,2
0.29888348339733084,0.10273144863335296,1
0.7630950464892746,0.26773984080519864,1
0.7371509814785892,-1.207016043158314,1
0.3818161713416142,-0.9403298100427544,1
0.9393346156169641,-1.0341341477595296,1
1.0668642464347458,-1.1011830205102084,1
1.052542952931867,-1.0994348303009442,1
0.36490249716408135,-1.0002469620471097,1
0.9100525499995249,-1.0686167567952092,1
-0.8722124412768538,-0.0259441244369592,0
0.8218337504434853,-1.013296623813427,1
0.9393300103842177,-1.0791937967028111,1
-0.7900309800061263,1.3176573361430401,2
0.6664467090497714,-1.0551723136414026,1
0.5919755681865664,-1.1858266052502815,1
0.8108403682438224,-1.2759019064609904,1
0.8064727196643777,-1.3133436649154644,1
0.5198346344202038,-1.193593758088694,1
0.4463394147880613,-1.1197521968951107,1
0.6569216600742621,-1.2075374886958,1
0.8045378285397283,-1.2077558445777044,1
1.0068909377933226,-1.5006021150067328,1
0.9814599731540462,-1.4910611799889897,1
0.804181063538748,-1.1682232906473735,1
0.8035219000882885,-1.2596007873804145,1
0.5072695133644327,0.4234784165557432,1
-0.8655954361277152,-0.7647769301942151,0
0.8946839281001063,-1.4666325502844098,1
0.8899291542688459,-1.4544809655765296,1
0.854355352077013,-1.4216652539528254,1
0.7516504914121388,-1.414588322842346,1
0.7812636312292124,-1.4245309900376466,1
0.5978246302990206,-1.360150511892594,1
0.8085286702845778,-1.4334558193144549,1
0.9967687372672396,-1.4751423623200914,1
0.8746491764159862,-1.458281141281643,1
0.9150286992174628,-1.4742711108896982,1
1.001803995899464,-1.5060221450646967,1
-0.13144715356426367,0.7499554395556243,2
0.2501468498743088,0.39015445608349497,1
0.1610177125065424,1.7998905104882914,2
0.5804486226273435,0.5338944092418336,1
0.43787118471613046,0.2864266332059768,1
0.5776510189718488,-1.202841385749764,1
0.7832400359972301,-1.3429538908211796,1
0.7773914747420707,-1.4234236752014784,1
0.7646901892910242,-0.7285617943450834,1
0.493594453138458,-1.1505422943511798,1
0.43808139440810406,-0.2657609665129996,1
1.0145407956083854,2.5008337740605557,2
1.0171696652398325,1.153075261291469,2
-2.5552727206917005,2.0417674072133973,2
0.45237224221632377,0.3880709063314504,1
0.017037722506395122,0.11826946809242934,1
1.0394637100785447,-0.9507122268860942,1
1.260617548063441,-0.25990821645845746,1
1.4069511443039084,-0.1458295617609694,1
-0.5771114853090462,3.4387215428110895,2
1.5115502363591686,2.188895049594001,2
0.570074242918346,0.44600648825281536,1
0.7530477695730936,-0.05109562335394984,1
1.59755769491237,0.8358200636811323,1
2.4521157465685226,-0.21952126553044202,1
2.143730713336845,2.3395637123220623,2
1.457579051760376,-0.05322930934390702,1
1.0584642628287926,-0.1716830749638738,1
1.3324963831750898,-0.32959693968667003,1
1.3487793844812974,-0.5156311608518592,1
0.8100302380784868,0.2046805584881459,1
1.035073359381762,-0.4411397276198069,1
1.327763701945379,2.2313895210689814,2
1.812425018829356,-0.7811266666790001,1
1.5658146928201049,-0.46736403748213307,1
1.1877018077256059,3.2822174730142253,2
1.8610849368659554,0.5552207152744542,1
1.8661395151320865,-0.7646548438973853,1
1.3056061197753623,-0.49987043929654285,1
1.4743136663590308,-0.4629020744191601,1
1.5119451153765986,-0.23370290376360683,1
2.3289404841119876,-0.7942334324830048,1
1.6833500535007593,-0.24057986979357526,1
1.6237319754938364,-0.2817864401789693,1
0.9370046702544621,0.1972624424364604,1
1.7364588258374376,-0.6587190153943615,1
2.255199669275534,-0.7913167873784704,1
2.152927427038487,1.9791199717914199,2
1.5299610926769063,-0.08785944844347796,1
1.5930899948060453,-0.04325472163807694,1
1.0419248007710127,0.21185631167089883,1
0.9579187264511471,0.4926309444410641,1
1.6110897211018773,0.7678540643303168,1
1.5027784309694938,0.5209653147866008,1
2.079653925038305,1.9975619430822193,2
-0.4046901555552134,0.22085850462478904,0
1.187418905852528,3.3868313686528264,2
-0.23277111923318783,2.247145543769874,2
2.153240239085649,0.588736599768264,1
1.6824634062042743,1.3659664353118344,2
1.6849452742716913,0.2607571290859978,1
1.9214867120736632,1.1575768362160601,1
2.150149073667972,-0.7955932838456773,1
0.7758820295609419,-0.3064463529314683,1
1.623438822462697,2.9104998063337466,2
1.701575709532739,2.9589151410522145,2
2.1337680526345126,-0.1688520307942875,1
2.486350809136689,0.11648666426355085,1
0.8516367591575862,0.5492534328845321,1
1.5809609069503665,1.1487238057778686,2
2.1966300805512904,-0.6171274588940762,1
2.002984616582634,-0.5421303426198676,1
-0.3989792171591764,3.556423331632181,2
1.693605435505513,2.2730109442853257,2
1.133506796318583,1.9908398551124993,2
0.8681780869669435,3.089862666967447,2
1.8834903970907044,-0.7244107694258075,1
2.022593261346303,-0.7891354898270563,1
1.9603249649869112,-0.6639958175645612,1
1.7132566926468868,3.4101402184092517,2
1.4390442792149805,0.45553841596647027,1
2.1347599643105615,1.2511197453576584,1
0.6418909846157114,2.856669823112568,2
-0.7011682957356468,1.572646037642592,2
1.0164588903628844,1.6175769348333988,2
1.0846694091611488,1.0725152534572384,2
0.5589236929264231,1.0700252631286897,2
1.8632094956812093,0.6087455399206341,1
1.8875719214342195,1.453916289762447,2
1.2485689801935045,1.923175428299955,2
1.4721357594137832,0.26486937630023694,1
1.8813982847081216,0.6189858812616896,1
1.8519585616987837,2.4036191489754923,2
1.2979716621412867,3.048172539173959,2
-0.2404621409364446,2.6744330983377043,2
0.999389855136394,2.7797609500891944,2
-0.06573297186510749,1.9055096763418207,2
0.6964679474741095,1.4355177061566213,2
0.8217856872274523,-0.03279831211831866,1
1.1054808553417173,1.6903861738924637,2
0.944949779842541,2.7045476135831747,2
0.9283117563649476,1.5991255797196924,2
-0.1155735432273736,0.9686422900441548,2
-1.3900335879354193,0.12706085773754638,0
1.2589870837816988,1.5906549199410263,2
-0.5909330618078155,1.815341337258908,2
1.4205023903595602,-1.0857516295321912,1
1.306524773497114,-0.20310247982885682,1
1.4618264703141197,-0.17043693440085747,1
1.28659724258631,-0.1352190500339944,1
-0.6966145281457372,0.8899497095586804,2
-0.6364733773813083,2.5730178405762283,2
0.8558144394163453,1.932160585784132,2
1.1075413647836538,-0.7602493035840804,1
1.0020545418080438,-0.7035975158385115,1
-0.8801545479964236,2.7352960389543775,2
-0.4203882464997786,0.1805792487655456,0
0.8789190133431644,1.1855742578230992,2
1.2832877399677591,2.118757516043446,2
1.0244760766753334,-0.7999468349612782,1
-0.5983609086137501,-0.22645070477694695,0
1.3381251102043747,2.1547216389115214,2
0.9809434270018873,-0.3699252235005134,1
1.256119230736777,-1.1730777969283654,1
1.3374836884158534,-1.1711607544177203,1
1.2491055665171082,-0.7460451336833354,1
1.2230525568897075,1.2489811563893465,2
0.2565233255426809,2.391206931392732,2
0.8825698118886404,0.4287560374129033,1
0.9461283585873794,-0.9611546932551694,1
1.1278810962990646,-1.2792033144797548,1
-0.11164254070369672,0.4290933693720716,1
0.6121656284779399,-0.6919054544133768,1
0.678743795651043,-0.8428117922410393,1
1.3266980303092968,0.719568820295003,1
0.8855060399559143,1.6886848792374058,2
-0.4521772466562587,-0.31919382389381556,0
1.0220574943781537,-0.4675564265881195,1
-0.0065664102022908654,0.13688869744770274,1
-1.8095809090788126,1.7762555009032701,2
1.1841987871566184,0.8662657338578018,1
1.1731309817877908,-1.1177329210587144,1
0.7451198798975538,0.06772834536037199,1
0.45874961697124106,0.4544046080302588,1
-0.5181507584591843,2.45581062198243,2
-0.7974506711973428,3.3660308310638793,2
-0.2880192163424486,1.7644449710052592,2
-0.20126923790370604,3.138336005490676,2
-0.4855340358593115,1.7895210376166932,2
0.3034336725477931,-0.2766878991810258,1
0.11354750972563935,0.7007540757773414,2
1.502947590018804,-0.28243072462856833,1
-0.09485473419215547,0.24578246570703186,1
1.3288372689795276,1.9910622475756052,2
1.4409044758958018,1.7875538772805182,2
1.1336998911476985,0.0576986138402882,1
-0.038619171435334144,0.11800322501927689,1
1.5720268273418176,-0.8974360592693819,1
1.3602797520560947,-0.581371516930916,1
1.1208086398989798,0.5694391499458339,1
1.1690477468088958,-0.8460017196855762,1
0.3516627660219139,0.5939593088436773,1
1.168415350466181,-0.7656655747165149,1
1.2066663011482366,0.48144547188844966,1
1.398505916191889,-0.8601999240738422,1
1.3038712251182916,0.4096580703497289,1
-0.02523427116235382,-0.34170898170064895,1
1.3727118567144279,-1.0212711996370802,1
-0.13289171461607444,-0.43707684344068515,1
0.908881759733133,-0.845038937950329,1
0.9521700902565208,-0.5429875242399461,1
0.7102088525152184,0.9719689489380561,2
0.33900201322062845,2.9550101452560877,2
0.3694908736175697,1.8976767299901198,2
1.176508293479565,2.397650878587987,2
0.07630751991030182,1.5067550653713786,2
1.8346651504564613,1.4034410873639223,2
1.9495430377737692,0.889533916392488,1
1.483624367095872,2.518017377991279,2
2.447628972863755,2.2176147006447877,2
1.5667713305547832,2.188956349590797,2
1.4598677173330776,1.7616409785929925,2
2.2435592756976077,0.32414279144932917,1
2.7642309657487076,0.9544577501965927,1
-0.5847552688885553,0.7668485042284766,2
-1.3582095394006592,0.7625674284102351,0
-1.4060653728176795,0.5672430270327598,0
-1.04496319059606,1.9476113342917982,2
-0.8421153484234553,2.6082887360852096,2
-1.0115906003832054,1.0892960516383237,2
0.4659323624030413,-0.8550488379324516,1
-1.14576982317127,-0.3314757568288621,0
-1.3223872244351396,-0.34242811749953644,0
0.10629923497189703,-0.8567675595619983,1
-0.5330739522162785,-0.4242420857561669,0
0.25823841209739373,-1.0567011870152612,1
0.033515526945170626,-0.32407768700172473,1
0.546549133507363,-1.0036356247136817,1
-1.118746953640562,-0.4688336411264088,0
0.40697869921819474,-1.1031748699060477,1
-0.7861550571308983,-0.5821814199170733,0
0.3771846619780615,-0.8732745946831257,1
0.4085519570797362,-0.9977654158318385,1
0.6020287470994642,-1.112239051443174,1
-0.02810026849483465,-0.8268720710428158,1
0.3420863473158856,-0.9385146160174623,1
0.3469727697768781,-0.9963139606607379,1
-0.41568424413859645,-0.5941752776283941,0
-1.9314685498602016,-0.05738452417294325,0
-0.8281593909918072,-0.743612554454593,0
-0.5265812393910364,-0.8853190910117315,0
-1.6568361440332364,-0.17231406410010164,0
-0.18040860826038754,-0.9997586635818669,1
-0.6076484353671001,-0.835764283208608,0
-0.002023775226504802,-1.053808703869642,1
-0.3145097393631444,-0.9544070323029735,0
-1.2282242923663644,-0.705365613617559,0
-0.9804831093994192,-0.7852521456268929,0
-0.22824010567980013,-1.221270039780565,1
-0.873226314589017,-0.8335780979812165,0
-0.381691829302155,-0.973595277258842,0
-0.46070159302212893,-0.916980618860936,0
-2.1200681808602893,-0.5336614492780164,0
-2.412152055172604,-0.43713883765228,0
-1.2778472904609526,-0.694450644604497,0
-1.5244417004628745,-0.5867576720990565,0
-2.5221885554877725,-0.39452635648272455,0
-1.0814799168126947,-0.9012477422368291,0
-0.2027412034626442,-1.2022935046039613,1
-0.7911377113582052,-0.9179526603404374,0
-1.0000395891728386,-0.5787827894720894,0
0.37538333458014794,-1.0945456139786216,1
-1.983595898632925,-0.23527386971272551,0
-1.1007581239618667,-0.5733318150585075,0
-1.448134980397059,-0.6021812608419237,0
-2.3224694620597908,-0.27044809243802964,0
-2.317457123856085,-0.15799767570767875,0
-0.7081933056705616,-0.8002350517411766,0
-1.502477376321744,-0.5774577495437079,0
-0.6360385138513598,-0.9293837016327406,0
-1.6369331811420478,-0.14300250178227672,0
0.2796623811656619,-1.0841502834169594,1
-0.22178687774734657,-0.8619344047803157,1
-1.0711822018924195,-0.7698722060003433,0
-0.6398604484361085,-0.5091484857028755,0
-1.5953615929892186,-0.39373424604177587,0
-1.7045489248160588,1.9618297711743669,2
-2.0306747296479806,-0.2700272648572455,0
-2.8974743709637676,0.32642895736050953,0
-1.8673064537101285,-0.5355692317363953,0
-1.9417030905075263,-0.48666925054816657,0
-1.0237775754758949,-0.8682997068211254,0
-1.0176779468184305,-0.8340896889860577,0
-0.30858401939790253,-0.9951349111754171,0
-0.01832623008593975,-1.0984703896171943,1
0.08983443000328896,-1.097753742401098,1
-1.0910952429281926,-0.8307987171678243,0
-1.6492567887640748,-0.5202485041246625,0
-1.9277017417829725,-0.5320028314471549,0
-0.9985831674649299,-0.8575886069874682,0
-1.42273665697716,-0.7111647282217796,0
-2.449319490035157,-0.3889752813076543,0
-2.284381980090834,-0.4495580139342311,0
-0.5412823403016932,-1.0692637038974113,0
-0.5106922790714109,-0.9511553981468878,0
-0.18238020327390467,-0.8616301979555362,1
-0.8139255583756494,-0.856151752339298,0
-1.2026882434927144,-0.5659343120049855,0
-0.5212657559982311,-1.0361308577216701,0
-2.3118370269109154,-0.3271370425113422,0
-2.609718968886726,-0.29269277324640075,0
-1.9598311904296457,0.5851266509884474,0
-1.2965625707894155,-0.7858440471710393,0
-2.014209988372142,-0.5320955079472308,0
-1.1493740738062652,-0.8524467591671304,0
-2.0321216878170776,-0.35076739414328595,0
-2.6826411020806282,-0.26722577053949165,0
-1.821507697858344,-0.7115614983843068,0
-1.1991375626540062,-0.8810670941636475,0
-2.437555019277026,-0.19349583208483254,0
-2.4321561969341996,-0.34358087705135787,0
-1.8825885089959802,-0.5782211167132415,0
-2.4645685201776493,-0.207965914345638,0
-2.37916964135763,-0.49116578140961475,0
-0.8537318082302999,-1.070038665854356,0
-0.9539907484102799,-1.0041611616963402,0
-0.3931905765591375,-1.1274021422710208,0
-1.6451514572323076,-0.7799436115569645,0
-1.2554107431903525,-0.8315616783803548,0
-1.5943133255130812,-0.8188495525786094,0
-2.6023836023467313,-0.44160253308866115,0
-1.7364220620077144,-0.8572817537016965,0
-2.279080127736449,0.501609228165608,0
-2.9741407720557254,-0.06034322030814472,0
-0.8116665783940828,-1.1689849822134564,0
-1.0281214298011625,-1.102264765021945,0
-0.6080217277232493,-1.1614736162028976,0
-0.4030410212598481,-1.2377918905680259,0
-0.8234200313670706,-1.058641469432893,0
-2.737955134485172,1.0185051439200339,0
-2.0009888601881736,1.3164473462325643,0
-2.6688819190516724,-0.49899265626528394,0
-2.301162142524866,-0.7068374770014972,0
-2.8053814027694073,-0.39375301410597785,0
-1.1790843585700364,-1.1365162845498948,0
-0.8578907391420798,-1.513862151604262,0
-0.6056311313897331,-1.4306090828575146,0
-0.3769622281078812,-1.4635448905094628,0
-0.6979704268843253,-1.231540789731854,0
-1.3178330840179036,-1.1636651822458952,0
-0.647470485881974,-1.457695255067485,0
-0.3871303009310551,-1.3013443999936494,0
-0.725002119674584,-1.4134699127033155,0
-0.7876163504857115,-1.4051856183312286,0
-0.3314876549067373,-1.415467315139504,0
-0.22854804008121452,-1.2179589577372716,1
-1.0131300232448701,-1.114619750717587,0
-1.6195848417917789,-0.9568966492973042,0
-1.8199314691122823,-0.7928150223125212,0
-0.5203290849586377,-1.3607996110214544,0
-0.8826724270213588,-1.063245666477463,0
-0.33029866515568634,-1.4416907487836708,0
-0.7024288040486928,-1.1725017554439112,0
-3.0418394127721164,0.6026869694079566,0
-1.4510629508686448,-0.8573968465781595,0
-0.25653373578974775,-1.066198864777811,0
-0.4996741994469218,-1.3645848499672513,0
-1.0988070284031104,-1.1248124990325434,0
-0.2536995115851113,-1.3468039044478723,0
-0.6059182920836368,-1.191765919615346,0
-0.34013320068833275,-1.3034513234316432,0
-0.6820206254095901,-1.1734014494600236,0
-0.2545766774252754,-1.4610946846810933,0
-1.2047408998238465,-1.0185719190317943,0
-0.26174005343264417,-1.3570200410704072,0
-1.7485072648245563,-0.5530376493224762,0
-0.4813744862082794,-1.2848270461360085,0
-0.33255264446879546,-1.287559200173455,0
-1.0114851508823075,-0.9920587258089275,0
-1.0306744255621154,-1.2086379148902477,0
-2.04966686641936,-0.7131129994709823,0
-0.3942630574015961,-1.2116128075070194,0
-0.7417123591931716,-0.9729555330233493,0
-1.9309241230510694,-0.6415911593601205,0
-1.2216755459612758,-1.124588221359124,0
-1.9314124010644373,-0.681038129391159,0
-1.860235542030802,-0.8935952414353844,0
-1.880858563556504,-0.8721938717001495,0
-1.5870869411836128,-0.8427481151828546,0
-0.8134339708467595,-1.0749630357805018,0
-1.3206052396137993,-1.077670217195931,0
-1.8582098863227345,-0.8986505724345775,0
-1.9120314720714247,-0.565178737082503,0
-2.1032181813360364,-0.8252870777293704,0
-1.494240261288447,-1.036679827747683,0
-1.4798810822960526,-1.1967153606453953,0
-1.6297984491578288,-0.8640378881314943,0
-1.2353933448064651,-1.244118052792042,0
-1.1953953440775302,-1.1559086585658467,0
-0.9480900226980583,-1.1576636949389145,0
-1.2503407299696043,-1.1462014784022883,0
-2.9994758398755663,-0.6185969566763218,0
-2.6073601847717462,-0.6829316648076943,0
-2.3636528781457775,-0.02428756379529752,0
-1.8761513938685421,-0.720145126663252,0
-1.312631445362676,-1.1052670342344577,0
-1.1089231285571766,-1.1204854007290361,0
-1.194927464873337,-0.9290929302350058,0
-2.1710004020185854,-0.7822419081940876,0
-2.4464766452726643,-0.5766511408193923,0
-1.7892241270616087,-0.9481377558827836,0
-2.8701610891655465,-0.5630282270627919,0
-2.5433716816274923,-0.6568156077346855,0
-1.6226210087671034,-1.0176688812511152,0
-1.0304104904816556,-1.0800394980993326,0
-1.0825456454138906,-1.0876086806418055,0
-0.28954484952435783,-1.362111286225133,0
-0.44713978232061635,-1.2466995575659674,0
-1.522464407167938,-1.0629699089229823,0
-2.190928802938251,-0.6876213818007406,0
-2.196324638820165,-0.6827424031940287,0
-2.0349305498207153,-0.8745799895219074,0
-1.112989286902477,-1.1756092128431266,0
-1.025330512197009,-1.147380741112095,0
-0.8840479693560637,-1.2170113294990563,0
-0.8769371900324573,-1.0117419775497636,0
-1.1526643172183855,-0.8299659028564591,0
-1.1311030140813132,-1.088131402046742,0
-1.6579470689106148,-1.0393654821289788,0
-2.9623501441169537,-0.40758378694429226,0
-2.056531338595864,-0.9056129916253909,0
-1.337645426903159,-1.1720050099138806,0
-0.823171059724002,-1.055812680252867,0
-1.6553455364018754,-0.9314707573604607,0
-0.7984649925090296,-1.2222622879479128,0
-0.6827523420646606,-1.4126377635499148,0
-2.3692438851414743,-0.5466114149569531,0
-2.674668185010116,-0.6425089995107168,0
-2.0277108975861253,-0.9259544603051479,0
-2.3221388754173478,-0.8399268421579452,0
-2.8862251781772086,-0.3640337007950465,0
-2.8014799442881424,-0.6522144636879088,0
-1.3405769398015164,-1.1514291829911656,0
-1.0776887928199703,-1.211634467410599,0
-1.4990026812945116,-0.8426306694920103,0
-0.9740668925804759,-1.1798598424012863,0
-1.6563768337069535,-0.8713420161904034,0
-1.2733193480421654,-1.1011718122044447,0
-3.384378365525396,-0.33375813886617794,0
-2.9039620752704556,-0.4607877565054588,0
-3.3172124380031676,-0.3760383489660416,0
-3.391972095618696,-0.44183554428557803,0
-3.7068978809452973,-0.03292208789885052,0
-1.832941312470414,1.3245027393375035,2
-3.310326281534055,1.4318907428041685,0
0.20428945918642855,-0.5030162219280484,1
-0.21857492447367857,-0.7716104452771092,1
0.6816646406612606,0.8145540240983239,2
-1.6243654973963286,-0.08862522077913258,0
0.07061295837404678,1.4790604691724265,2
0.27422915446287355,2.319969726847239,2
-1.4429176303627131,2.08035005259666,2
0.6120518521476109,-0.5064957623714162,1
-0.11064507459015502,2.1308276475405625,2
0.6611070594548755,1.206166517065775,2
-1.1494795034979692,1.919158012572361,2
-0.3155696785443146,1.2472703774789058,2
-0.0403359447463531,1.4516129854616409,2
-0.015236084178102629,1.1145801903184633,2
0.010300407143222886,-1.0937124449478437,1
0.4190177137875527,1.5233154571794703,2
-0.08398784594737291,2.1012730110594133,2
0.07752786307537365,-0.44370631651452125,1
0.41960225994859945,-1.1792580054335944,1
-0.275750579497871,-0.6661271081801875,0
0.32703066674910264,-1.1915009500338178,1
-0.22074653869688465,-0.8717145211470172,1
0.24506736367589754,-1.16592108815954,1
0.05041165056079916,-0.9897242122946142,1
0.31194717585493864,-0.9281357860660447,1
0.3015162995000234,-1.1086952811428732,1
-0.4474784628114813,-0.623180816054617,0
0.08711187020482024,-0.47415851308398677,1
-0.060880628767752354,-0.7395975383581795,1
0.21035815408729971,-0.7597868857369645,1
0.035769207183606135,-1.018117777348085,1
0.08418964043335705,-0.8190459374381125,1
0.2962086961196148,0.8938210006259529,2
0.5396372977138549,-0.7935126261545667,1
0.20598138278505515,-1.0222196386415987,1
0.35951372848267577,-0.7786888624312444,1
0.02877927087590869,-0.9767344215060313,1
0.758522977293533,0.5877326759988933,1
1.039539327652858,-0.7125646794955502,1
0.8596844970041662,-0.726550619919713,1
0.773496202487236,0.8856827680691748,2
1.0400410966940772,-0.6540480626206226,1
1.2041476503005748,0.22312663670580785,1
-1.8413461393118884,1.754905931700454,2
-0.7129303740297142,-0.12880052673261536,0
1.8596313210063489,-0.4749990644424007,1
0.7225702106915053,-0.3945148863773155,1
0.6651584215399218,-0.6287114273342388,1
1.0724499220070025,-0.7385833542718218,1
0.696542777818581,-0.5852803247942947,1
1.1069557911017147,1.9681069577731265,2
1.1066656224983034,1.7973460866303703,2
1.0114780011277409,-0.7827250666192779,1
0.9611571085834445,-0.6383836701384985,1
0.7969202365955204,-0.6686449446244834,1
0.9598989274449135,-0.8737425874894827,1
1.229367047729809,0.6900080694279247,1
1.0190736717367814,1.3251037780671835,2
-0.9227051610697758,1.490721043109413,2
0.62911939875497,1.1673071391508436,2
1.1981238027396808,1.2146217053362696,2
1.2426051255369552,2.14541965566839,2
1.1384280092022447,0.07613678211026224,1
1.1626000908503167,1.2698777342699723,2
1.1591063076544932,-0.7121801701790551,1
1.1726519946128522,1.7837926767032513,2
1.4547231076290275,-0.6812268234065549,1
0.31835087404662404,1.7592574087205741,2
1.09353772542131,2.8729580932825516,2
1.375800842356741,0.18959642059925566,1
1.1921418795599819,1.3386795257728221,2
1.0671517060249192,0.5061647887515943,1
1.358392447143653,1.1565785353179305,2
1.2214074935016006,0.2639998706376886,1
1.3251975661830795,1.5674938493692716,2
1.197599136624577,0.6816928705719008,1
0.7744029200397035,-0.7439896793508107,1
1.2108627793735274,0.06661142003795247,1
0.8934881550690925,1.6232003417341054,2
1.1928668428089904,-0.5540654717642942,1
0.6445081012905454,-0.5532202985344653,1
0.7257080889514317,-0.77413366849861,1
1.2243610447643007,-0.6931627595766303,1
1.2844667239273282,-0.8256592271731402,1
1.1936214644847143,-0.7314738157578687,1
0.9435770911512382,-0.8019141919168917,1
1.2855437450801543,-0.8018185974871445,1
0.9532477932310165,-0.534529787377492,1
-0.8116071622094689,-0.1305774718439034,0
1.2516358847898044,-0.20559819279068242,1
1.0181540082709877,-0.8024454615811067,1
0.699786097128546,-0.7174394344156213,1
0.6390239380170645,-0.48820239241871605,1
1.1562915440566517,-0.6848648616213922,1
1.4282121082423103,-0.6667244510700737,1
1.3306142735806286,-0.8485236532712009,1
1.3455069074337886,-0.9852022625991412,1
-0.14585564522133357,0.2816749766117816,1
1.1596773400372384,2.6116086984986207,2
1.1459282555006702,-0.8598397771633898,1
0.9965344533759464,-0.6779376426180593,1
1.3659112462828709,2.500524649475464,2
0.7804659942736291,-0.7349022790363637,1
1.3920104303315823,0.8031710175659798,1
1.0335694385025473,0.8140289212139419,1
0.9765001544192838,2.461825894038916,2
0.22479531013111845,1.2349086633598716,2
1.1426901267886496,1.3753962969924838,2
0.8473369629070971,1.58858460812065,2
0.9136169450903032,1.8356906917811902,2
1.4586960031873626,3.0670813021266037,2
1.251444344233906,2.672704372898292,2
1.2400703712413381,-0.8416028091006336,1
1.2718480542286874,-0.5760354232776894,1
0.6166155384962929,-0.5285457596572549,1
0.781141813116583,-0.6288442628622852,1
1.3470650538011815,-0.8552787930977194,1
0.2285028022777259,-0.39463283255233045,1
0.03566416240476334,-0.3857131711521856,1
1.459802939253309,-0.7725503563753221,1
1.4958626481269823,-0.8199943277088074,1
1.2599737116225271,-0.6386732961580607,1
1.8778092863288323,-0.8071422065371392,1
1.4241660395064069,-0.8885114461589234,1
1.000678841890835,0.31998781605761234,1
1.532592939546477,-0.84000379959272,1
-1.4135652871451219,0.7654001546116973,0
1.7918724843148628,1.9158645236734089,2
1.4461104122943,-0.7299595131064787,1
1.754649055559698,1.2128735718264883,1
1.5756721711378139,-0.18727671906584828,1
1.741896051670865,-0.8502047238649194,1
1.6602604634052065,-0.8664856664011705,1
0.339878298161756,-0.1163381217619424,1
1.7518215787547073,-0.741785195504941,1
1.6842349685999558,1.8244650593530223,2
0.03242687563236281,-0.10901975331473464,1
1.8671691325724686,0.6168991338961032,1
1.7790645993475653,-0.736943188738794,1
1.420168532974115,-0.6705561321438649,1
0.7418347736791335,-0.25834016354444195,1
1.057684688888862,1.2808913536020246,2
-0.604558034261954,0.8447997778595556,2
1.1230979699439494,0.4801105245626248,1
0.23598143551576786,1.2410436293596123,2
0.37766066140626164,0.7021293896129575,2
1.411215296164419,1.5713942259239733,2
2.253166307281019,-1.0728796504213034,1
0.32399932151434274,1.191844134233249,2
1.031474155744483,-0.4511058525494286,1
0.3006578011214339,0.7849608274264795,2
-0.486799648641972,0.9404168871935931,2
-0.47131131779343594,2.338788918205542,2
1.0934063883364262,1.5772676875522467,2
-0.7491691507190674,3.5782612078966856,2
-0.21356537494011388,1.598655730790439,2
-1.0423880174505753,1.20884954497431,2
0.8035269628875695,0.8204147269979843,1
0.6618474420450374,-0.5584353376550476,1
1.3324080230225046,-1.1100213498275262,1
0.027525708097604375,1.3727357350581442,2
-0.8799852731321051,0.5487612007638223,0
-1.5056710399830946,2.531258519075666,2
-1.1772317421448053,0.5396586873412169,0
-0.00854485542514445,1.0670907889903947,2
0.3360707172679174,0.22629427861153212,1
-0.6912759624426557,0.6848014702384865,2
-0.7524561695264188,0.9161890795152408,2
-0.6902107892508028,1.0691885928821,2
1.0896490883238383,0.6221696184572622,1
-0.9289006102840163,0.3201247416935892,0
-0.7926851726947934,0.7638176973515132,2
-0.9646244466614522,3.3489747256614337,2
-2.3297923188140643,2.427379111885901,2
-0.4845691558245668,1.3007744993555728,2
-0.7314217964066899,0.6044007949895762,0
-0.7268953156352973,2.3872906864911654,2
0.3613065666870067,3.3377706649425884,2
0.47942312721921015,-1.019408556636798,1
0.7016810867561041,0.6711458319952394,1
-1.1046943794765822,3.5011120596901217,2
-1.3282005898078801,3.4510380980189215,2
0.4056762093483984,0.8546280622635536,2
-0.26983133965482703,1.3930989191039247,2
-0.5968172295072028,2.9246981538451964,2
1.1675219407661153,0.5667297832985974,1
0.045574432649994646,2.0688093192297443,2
0.880761500709126,-1.2277150511929318,1
1.2486774127471256,-1.2847831525926587,1
0.8825561902897487,1.6180802528616829,2
0.8658863620148257,-0.7448515209647147,1
1.0394107872139007,-1.301857948277409,1
-0.7999699568032201,-0.22227232448625675,0
0.8020926211850803,0.0927515923105142,1
0.9510450448314284,-0.9837234329458437,1
1.0530711005084736,-1.028767467802658,1
0.37377298445908297,-0.7496284470967819,1
0.6726676715794069,-0.9211557132500989,1
1.322971518534118,-0.9824008987085199,1
1.0009928035032452,-0.7877836035720471,1
1.552971781920517,1.5252773573849014,2
1.3690079335148797,-0.9020691367213961,1
1.3281984982638517,-1.0676572106355962,1
1.4154422426178166,-1.0454266699576191,1
1.422847757460948,0.632842070250968,1
1.2854951893416984,-1.0546992061499418,1
1.212737847877641,-1.045010085258456,1
1.3665904750125482,-1.1614046282202362,1
1.3714033023881131,-1.1733767749166346,1
1.3319817171243569,-0.6770572466353074,1
1.3150926675129178,-1.0921119185328876,1
1.2505859427078838,-1.1239204381243242,1
1.3565069793786884,-1.0619872262679684,1
0.6241601168117166,-0.8641377088307952,1
1.4735686663401917,-1.1995936685422708,1
1.2082167649830342,-1.0704148009497925,1
1.4142743372251152,-0.008044056630583357,1
1.3818458515687615,-1.1984612083252386,1
1.2490855279738797,-1.0875620548483484,1
1.4074383769966046,-1.2417992603293198,1
1.9564820249242942,-0.5465057830878979,1
2.1356520403730377,-0.6230990864243873,1
2.126192808885826,-0.27500773900215025,1
2.2279724244905252,-0.44987932058880026,1
2.094391587609633,-0.7422169010462217,1
2.20723550934805,-0.6230061793969801,1
1.9065206315758858,-0.5613505682105376,1
2.1527109609864397,-0.3960143010609483,1
1.0064399816726286,-0.308110222579141,1
2.2846210428693214,-0.7383577867743196,1
2.099500956269343,-0.7171627729716689,1
2.070608436042711,-0.010157184795638213,1
2.1952829009653514,-0.5843173236146871,1
2.169666853790482,-0.6551344828243318,1
1.9389903285767827,-0.6049617187230787,1
2.028263232746622,-0.6363309309452392,1
1.7759866219573919,-0.14606239100349963,1
2.2268644715027217,0.734981110122419,1
2.169462587811716,0.9182096046146886,1
-1.2023318586877105,3.142890744945368,2
2.2060568541411247,0.6547646108978872,1
2.083499231909288,1.2510489003283234,1
1.0220605359420352,4.095592548508085,2
0.22918673489123195,1.5652710447465108,2
-0.7036603902790283,0.36673783764571516,0
-0.574413728223696,3.5776276634320983,2
0.058840737247654776,2.8816320238751874,2
0.1973105194029577,0.08032560243856851,1
0.7127295580784963,0.7862069672484256,1
0.6521365423541612,1.6319807994179631,2
2.054534676826927,2.386612240342465,2
1.3579520692035332,1.290512172074538,2
1.4860907693003937,1.330739267969662,2
-1.4002065464911233,4.980505170651995,2
0.7781756901738757,1.8223351132193744,2
-0.897998098131906,0.255835060047968,0
1.2307200502586169,0.3649710157864657,1
0.6585278105821951,3.11508449176284,2
1.1382389132216064,1.1758356163901016,2
0.4888226664392705,2.8203323974163634,2
0.8754369406914395,1.658899259653917,2
-0.5711857552005657,1.702099761012984,2
-0.6370526973233848,2.5220602314069533,2
