timestamp,cpu_usage,memory_usage,temperature,battery_level,battery_drain,battery_charging,upload_speed_kbps,download_speed_kbps,screen_on,brightness
2026-06-05 04:52:23,55,65,32.3,54,-103.0,0,0.0,0.0,1,23
2026-06-05 04:52:27,45,65,32.3,54,-156.0,0,0.02915112,0.0,1,23
2026-06-05 04:52:31,24,65,32.3,54,-94.0,0,0.027173912,0.012616459,1,23
2026-06-05 04:52:35,92,67,32.3,54,-1064.0,0,1.3262497,2.35912,1,23
2026-06-05 04:52:39,49,66,32.3,54,-313.0,0,18.281378,16.778412,1,23
2026-06-05 04:52:43,29,66,32.3,54,-238.0,0,0.21906935,0.0,1,23
2026-06-05 04:52:47,50,67,32.3,54,-1245.0,0,21.753294,219.59636,1,23
2026-06-05 04:52:51,80,70,32.3,54,-966.0,0,79.287575,2172.4602,1,23
2026-06-05 04:52:55,30,69,32.3,54,-112.0,0,70.70156,1996.0995,1,23
2026-06-05 04:52:59,64,69,32.7,53,-113.0,0,0.052341808,0.64021784,1,23
2026-06-05 04:53:03,41,69,32.7,53,-131.0,0,11.378991,59.796734,1,23
2026-06-05 04:53:07,45,70,32.7,53,-648.0,0,11.001842,18.377771,1,23
2026-06-05 04:53:11,50,70,32.7,53,-175.0,0,27.726717,140.42674,1,23
2026-06-05 04:53:15,87,70,32.7,53,-756.0,0,29.595167,1.901343,1,23
2026-06-05 04:53:19,51,70,32.7,53,-283.0,0,49.610535,73.362114,1,23
2026-06-05 04:53:23,41,69,32.7,53,-176.0,0,8.700793,42.746983,1,23
2026-06-05 04:53:27,41,69,32.7,53,-175.0,0,4.266879,16.612482,1,23
2026-06-05 04:53:31,41,69,32.7,53,-111.0,0,18.668478,23.06216,1,23
2026-06-05 04:53:35,44,70,32.7,53,-320.0,0,3.4320517,10.417071,1,23
2026-06-05 04:53:39,41,70,32.7,53,-141.0,0,19.773567,618.68005,1,23
2026-06-05 04:53:43,35,69,32.7,53,-117.0,0,0.014550224,0.0,1,23
2026-06-05 04:53:47,48,69,32.7,53,-130.0,0,0.045753673,0.03485994,1,23
2026-06-05 04:53:51,75,68,32.7,53,-246.0,0,0.16146353,0.08097493,1,23
2026-06-05 04:53:55,24,67,32.7,53,-125.0,0,2.7270186,1.2116294,1,23
2026-06-05 04:53:59,26,67,32.8,53,-136.0,0,0.0,0.0,1,23
2026-06-05 04:54:03,26,67,32.8,53,-123.0,0,0.028978115,0.0,1,23
2026-06-05 04:54:07,24,67,32.8,53,-74.0,0,0.07201575,0.052440997,1,23
2026-06-05 04:54:12,35,67,32.8,53,-116.0,0,0.02807466,0.04356413,1,23
2026-06-05 04:54:16,24,67,32.8,53,-119.0,0,1.0911095,0.8940497,1,23
2026-06-05 04:54:20,24,67,32.8,53,-110.0,0,0.03744859,0.1913502,1,23
2026-06-05 04:54:24,24,67,32.8,53,-96.0,0,0.10654727,0.03503255,1,23
2026-06-05 04:54:28,28,67,32.8,53,-109.0,0,0.029028362,0.0,1,23
2026-06-05 04:54:32,24,67,32.8,53,-71.0,0,2.652705,2.0849752,1,23
2026-06-05 04:54:36,24,67,32.8,53,-93.0,0,1.5242308,0.9489855,1,23
2026-06-05 04:54:40,24,67,32.8,53,-97.0,0,0.2375618,0.27522403,1,23
2026-06-05 04:54:44,24,67,32.8,53,-84.0,0,0.0,0.0,1,23
2026-06-05 04:54:48,24,67,32.8,53,-73.0,0,0.09497379,0.087240554,1,23
2026-06-05 04:54:52,45,67,32.8,53,-117.0,0,0.058042347,0.0125758415,1,23
2026-06-05 04:54:56,33,67,32.8,53,-103.0,0,0.20390569,0.08738815,1,23
2026-06-05 04:55:00,45,67,32.3,53,-109.0,0,1.4791551,1.3726695,1,23
2026-06-05 04:55:04,35,67,32.3,53,-198.0,0,9.836246,3.8074772,1,23
2026-06-05 04:55:08,24,67,32.3,53,-94.0,0,0.029093223,0.0,1,23
2026-06-05 04:55:12,24,67,32.3,53,-113.0,0,0.07196232,0.06495927,1,23
2026-06-05 04:55:16,24,67,32.3,53,-122.0,0,0.17399777,0.08699889,1,23
2026-06-05 04:55:20,24,67,32.3,53,-446.0,0,0.022929668,0.03475655,1,23
2026-06-05 04:55:24,24,66,32.3,53,-123.0,0,0.19090879,0.108883336,1,23
2026-06-05 04:55:28,35,66,32.3,53,-134.0,0,0.52255505,0.1988847,1,23
2026-06-05 04:55:32,24,66,32.3,53,-97.0,0,0.041741736,0.032519724,1,23
2026-06-05 04:55:36,50,68,32.3,53,-524.0,0,8.84857,38.87938,1,23
2026-06-05 04:55:40,68,68,32.3,53,-217.0,0,13.009685,93.13047,1,23
2026-06-05 04:55:44,44,69,32.3,53,-245.0,0,16.888203,69.76056,1,23
2026-06-05 04:55:48,52,70,32.3,53,-295.0,0,37.29753,1710.1478,1,23
2026-06-05 04:55:52,59,70,32.3,53,-245.0,0,2.1840901,0.58676326,1,23
2026-06-05 04:55:56,65,70,32.3,53,-217.0,0,21.418995,63.811966,1,23
2026-06-05 04:56:00,49,69,32.3,53,-608.0,0,26.112452,47.123642,1,23
2026-06-05 04:56:04,43,67,32.3,53,-178.0,0,13.732864,30.150486,1,23
2026-06-05 04:56:08,44,67,32.3,53,-99.0,0,0.16450442,0.73564625,1,23
2026-06-05 04:56:12,58,69,32.3,53,-296.0,0,59.9792,1358.8802,1,23
2026-06-05 04:56:16,41,69,32.3,53,-372.0,0,29.842789,695.88934,1,23
2026-06-05 04:56:20,44,69,32.3,53,-221.0,0,11.668209,13.378833,1,23
2026-06-05 04:56:24,41,69,32.3,53,-110.0,0,7.42839,19.550697,1,23
2026-06-05 04:56:29,41,69,32.3,53,-217.0,0,7.1473475,34.16047,1,23
2026-06-05 04:56:33,78,69,32.3,53,-172.0,0,26.293715,13.966498,1,23
2026-06-05 04:56:37,41,69,32.3,53,-623.0,0,33.227444,47.6118,1,23
2026-06-05 04:56:41,80,70,32.3,53,-419.0,0,40.385666,702.1331,1,23
2026-06-05 04:56:45,66,70,32.3,53,-431.0,0,16.924976,119.84874,1,23
2026-06-05 04:56:49,41,69,32.3,53,-203.0,0,2.3195796,1.5004172,1,23
2026-06-05 04:56:53,35,70,32.3,53,-216.0,0,5.0228415,26.062132,1,23
2026-06-05 04:56:57,35,70,32.3,53,-172.0,0,4.5462337,0.9143318,1,23
2026-06-05 04:57:01,41,70,32.2,53,-987.0,0,7.552212,70.02222,1,23
2026-06-05 04:57:05,42,70,32.2,53,-163.0,0,4.477063,35.308712,1,23
2026-06-05 04:57:09,43,70,32.2,53,-270.0,0,10.578417,34.033844,1,23
2026-06-05 04:57:13,77,70,32.2,53,-283.0,0,11.726985,67.311844,1,23
2026-06-05 04:57:17,41,70,32.2,53,-230.0,0,2.8175032,7.0126095,1,23
2026-06-05 04:57:21,41,69,32.2,53,-439.0,0,6.320766,0.6278423,1,23
2026-06-05 04:57:25,41,69,32.2,53,-127.0,0,39.04891,138.28333,1,23
2026-06-05 04:57:29,78,69,32.2,53,-279.0,0,55.186817,976.8824,1,23
2026-06-05 04:57:33,72,69,32.2,53,-298.0,0,24.398762,5.6269526,1,23
2026-06-05 04:57:37,64,70,32.2,53,-270.0,0,20.310467,437.3494,1,23
2026-06-05 04:57:41,75,70,32.2,53,-388.0,0,5.2272115,22.974995,1,23
2026-06-05 04:57:45,35,68,32.2,53,-170.0,0,33.43279,35.04723,1,23
2026-06-05 04:57:49,41,68,32.2,53,-130.0,0,1.9397708,0.89740807,1,23
2026-06-05 04:57:53,69,70,32.2,53,-232.0,0,23.055906,132.38115,1,23
2026-06-05 04:57:57,43,70,32.2,53,-244.0,0,11.836044,106.969734,1,23
2026-06-05 04:58:01,48,70,32.4,52,-195.0,0,11.985704,109.64999,1,23
2026-06-05 04:58:05,26,69,32.4,52,-118.0,0,6.515351,0.8455128,1,23
2026-06-05 04:58:09,27,69,32.4,52,-149.0,0,32.051796,89.00183,1,23
2026-06-05 04:58:13,41,69,32.4,52,-125.0,0,3.5113719,9.030726,1,23
2026-06-05 04:58:17,42,68,32.4,52,-146.0,0,0.17473285,0.087366425,1,23
2026-06-05 04:58:21,24,68,32.4,52,-116.0,0,2.8249602,6.019989,1,23
2026-06-05 04:58:25,24,67,32.4,52,-113.0,0,1.3050646,0.606484,1,23
2026-06-05 04:58:29,34,67,32.4,52,-94.0,0,12.017224,2.8941891,1,23
2026-06-05 04:58:33,24,67,32.4,52,-125.0,0,0.2098859,0.11983105,1,23
2026-06-05 04:58:37,28,67,32.4,52,-119.0,0,1.3660263,0.60693467,1,23
2026-06-05 04:58:41,24,67,32.4,52,-109.0,0,0.022992179,0.0348513,1,23
2026-06-05 04:58:45,26,67,32.4,52,-97.0,0,0.0,0.0,1,23
2026-06-05 04:58:49,40,67,32.4,52,-93.0,0,0.036787488,0.032673094,1,23
2026-06-05 04:58:53,31,67,32.4,52,-116.0,0,0.03566576,0.03275427,1,23
2026-06-05 04:58:58,34,67,32.2,52,-98.0,0,0.17442942,0.08721471,1,23
2026-06-05 04:59:02,34,68,32.2,52,-161.0,0,0.0,0.0,1,23
2026-06-05 04:59:06,35,68,32.2,52,-91.0,0,0.0,0.0,1,23
2026-06-05 04:59:10,24,68,32.2,52,-79.0,0,0.05988355,0.06764174,1,23
2026-06-05 04:59:14,24,68,32.2,52,-97.0,0,0.23732038,0.15040752,1,23
2026-06-05 04:59:18,24,68,32.2,52,-102.0,0,0.0,0.0,1,23
2026-06-05 04:59:22,24,67,32.2,52,-104.0,0,0.0,0.0,1,23
2026-06-05 04:59:26,29,67,32.2,52,-89.0,0,0.0,0.0,1,23
2026-06-05 04:59:30,35,67,32.2,52,-111.0,0,2.033175,2.0844457,1,23
2026-06-05 04:59:34,24,67,32.2,52,-102.0,0,0.21056446,0.12021846,1,23
2026-06-05 04:59:38,24,67,32.2,52,-95.0,0,0.0,0.0,1,23
2026-06-05 04:59:42,24,67,32.2,52,-125.0,0,0.022946682,0.03478234,1,23
2026-06-05 04:59:46,26,67,32.2,52,-116.0,0,0.0,0.0,1,23
2026-06-05 04:59:50,26,67,32.2,52,-96.0,0,0.03669654,0.03259232,1,23
2026-06-05 04:59:54,31,67,32.2,52,-101.0,0,0.20957418,0.11965308,1,23
2026-06-05 04:59:58,24,67,31.7,52,-91.0,0,0.0,0.0,1,23
2026-06-05 05:00:02,24,67,31.7,52,-103.0,0,0.0,0.0,1,23
2026-06-05 05:00:06,24,67,31.7,52,-75.0,0,0.30948254,0.15474127,1,23
2026-06-05 05:00:10,24,67,31.7,52,-117.0,0,0.059646618,0.06737412,1,23
2026-06-05 05:00:14,24,67,31.7,52,-113.0,0,0.3841856,0.99907625,1,23
2026-06-05 05:00:18,24,67,31.7,52,-116.0,0,0.17404084,1.2240872,1,23
2026-06-05 05:00:22,24,67,31.7,52,-71.0,0,0.0,0.0,1,23
2026-06-05 05:00:26,24,67,31.7,52,-75.0,0,0.0,0.0,1,23
2026-06-05 05:00:30,24,67,31.7,52,-90.0,0,0.07066753,0.06753211,1,23
2026-06-05 05:00:34,24,67,31.7,52,-91.0,0,0.035524547,0.053890977,1,23
2026-06-05 05:00:38,54,67,31.7,52,-199.0,0,1.7404084,51.938866,1,23
2026-06-05 05:00:43,41,67,31.7,52,-116.0,0,7.8550224,4.377887,1,23
2026-06-05 05:00:47,24,67,31.7,52,-95.0,0,0.043792043,0.0,1,23
2026-06-05 05:00:51,49,67,31.7,52,-127.0,0,0.051308863,0.032673094,1,23
2026-06-05 05:00:55,67,69,31.7,52,-385.0,0,23.303648,35.55805,1,23
2026-06-05 05:00:59,46,69,31.6,52,-359.0,0,29.396505,241.49863,1,23
2026-06-05 05:01:03,35,70,31.6,52,-643.0,0,11.627934,59.488018,1,23
2026-06-05 05:01:07,34,70,31.6,52,-255.0,0,5.1301665,33.180817,1,23
2026-06-05 05:01:11,31,70,31.6,52,-127.0,0,0.16624409,0.7315712,1,23
2026-06-05 05:01:15,41,66,31.6,52,-175.0,0,9.215929,20.226885,1,23
2026-06-05 05:01:19,41,66,31.6,52,-103.0,0,2.079243,2.8953578,1,23
2026-06-05 05:01:23,34,66,31.6,52,-98.0,0,1.8168435,1.582177,1,23
2026-06-05 05:01:27,60,67,31.6,52,-889.0,0,0.61726123,0.12170665,1,23
2026-06-05 05:01:31,61,68,31.6,52,-295.0,0,44.135086,183.89091,1,23
2026-06-05 05:01:35,31,67,31.6,52,-576.0,0,23.980087,68.17867,1,23
2026-06-05 05:01:39,96,68,31.6,52,-956.0,0,40.40418,114.91517,1,23
2026-06-05 05:01:43,44,68,31.6,52,-263.0,0,7.754769,69.66454,1,23
2026-06-05 05:01:47,36,68,31.6,52,-118.0,0,9.971832,10.016818,1,23
2026-06-05 05:01:51,28,68,31.6,52,-119.0,0,0.4864579,0.5314328,1,23
2026-06-05 05:01:55,26,68,31.6,52,-106.0,0,4.046105,27.943094,1,23
2026-06-05 05:01:59,36,68,31.6,52,-338.0,0,2.4228916,0.65539813,1,23
2026-06-05 05:02:03,42,69,31.6,52,-211.0,0,38.286255,1492.7062,1,23
2026-06-05 05:02:07,52,69,31.6,52,-540.0,0,1.812228,0.60099894,1,23
2026-06-05 05:02:11,50,69,31.6,52,-220.0,0,4.241426,2.3708172,1,23
2026-06-05 05:02:15,39,69,31.6,52,-197.0,0,37.86533,813.8096,1,23
2026-06-05 05:02:19,31,69,31.6,52,-146.0,0,7.920277,2.158461,1,23
2026-06-05 05:02:23,85,68,31.6,52,-249.0,0,17.567219,304.6097,1,23
2026-06-05 05:02:27,26,67,31.6,52,-257.0,0,3.9449139,35.396015,1,23
2026-06-05 05:02:31,38,68,31.6,52,-156.0,0,10.454336,3.9889438,1,23
2026-06-05 05:02:35,35,68,31.6,52,-149.0,0,1.790405,0.8034148,1,23
2026-06-05 05:02:39,46,68,31.6,52,-322.0,0,62.53249,2664.4233,1,23
2026-06-05 05:02:43,31,68,31.6,52,-206.0,0,17.392159,651.47235,1,23
2026-06-05 05:02:47,46,69,31.6,52,-287.0,0,8.984958,26.35552,1,23
2026-06-05 05:02:51,31,68,31.6,52,-121.0,0,10.649251,67.35508,1,23
2026-06-05 05:02:55,55,68,31.6,52,-105.0,0,2.4619486,0.5540418,1,23
2026-06-05 05:02:59,39,67,32.8,52,-196.0,0,0.21668999,0.08745336,1,23
2026-06-05 05:03:03,36,67,32.8,52,-231.0,0,6.0494313,18.177496,1,23
2026-06-05 05:03:07,44,68,32.8,52,-198.0,0,3.061386,60.20791,1,23
2026-06-05 05:03:11,31,67,32.8,52,-122.0,0,4.9694667,0.562278,1,23
2026-06-05 05:03:15,32,67,32.8,52,-138.0,0,0.09520331,0.032786854,1,23
2026-06-05 05:03:19,58,69,32.8,52,-721.0,0,3.922243,2.5858307,1,23
2026-06-05 05:03:23,31,69,32.8,52,-194.0,0,66.907555,2983.1719,1,23
2026-06-05 05:03:27,39,69,32.8,52,-583.0,0,0.050591532,0.7214158,1,23
2026-06-05 05:03:31,49,68,32.8,52,-293.0,0,11.709505,42.815235,1,23
2026-06-05 05:03:35,38,68,32.8,52,-183.0,0,2.9919386,0.7667086,1,23
2026-06-05 05:03:39,44,68,32.8,52,-869.0,0,2.3656511,0.79300183,1,23
2026-06-05 05:03:43,26,68,32.8,52,-115.0,0,4.956511,52.39337,1,23
2026-06-05 05:03:47,43,68,32.8,52,-103.0,0,0.07075837,0.0,1,23
2026-06-05 05:03:51,67,67,32.8,52,-545.0,0,40.484894,251.61354,1,23
2026-06-05 05:03:55,31,68,32.8,52,-453.0,0,19.568623,116.23229,1,23
2026-06-05 05:03:59,36,67,33.1,52,-136.0,0,12.207517,0.7937912,1,23
2026-06-05 05:04:03,35,67,33.1,52,-129.0,0,5.256568,0.76520425,1,23
2026-06-05 05:04:08,31,68,33.1,52,-129.0,0,5.4633207,0.6435278,1,23
2026-06-05 05:04:12,53,68,33.1,52,-473.0,0,32.64516,103.29259,1,23
2026-06-05 05:04:16,46,68,33.1,52,-238.0,0,19.701765,416.37225,1,23
2026-06-05 05:04:20,34,68,33.1,52,-127.0,0,4.110268,0.677466,1,23
2026-06-05 05:04:24,28,69,33.1,52,-221.0,0,0.32989025,4.938401,1,23
2026-06-05 05:04:28,28,68,33.1,52,-128.0,0,2.8563604,0.67864054,1,23
2026-06-05 05:04:32,29,68,33.1,52,-197.0,0,17.81124,17.214155,1,23
2026-06-05 05:04:36,51,69,33.1,52,-368.0,0,5.065085,2.838794,1,23
2026-06-05 05:04:40,51,70,33.1,52,-274.0,0,14.859717,596.4107,1,23
2026-06-05 05:04:44,47,70,33.1,52,-140.0,0,12.942494,10.98499,1,23
2026-06-05 05:04:48,65,69,33.1,52,-198.0,0,3.581134,0.6679697,1,23
2026-06-05 05:04:52,33,70,33.1,52,-152.0,0,28.688288,1064.1053,1,23
2026-06-05 05:04:56,63,70,33.1,52,-243.0,0,5.52096,1.0347086,1,23
2026-06-05 05:05:00,57,68,33.1,51,-683.0,0,14.646002,29.172428,1,23
2026-06-05 05:05:04,49,68,33.1,51,-150.0,0,28.33294,26.963276,1,23
2026-06-05 05:05:08,35,68,33.1,51,-128.0,0,11.1704235,3.1511133,1,23
2026-06-05 05:05:12,41,68,33.1,51,-247.0,0,8.665746,1.6461706,1,23
2026-06-05 05:05:16,44,69,33.1,51,-147.0,0,35.425133,105.08749,1,23
2026-06-05 05:05:20,31,69,33.1,51,-122.0,0,0.77443963,0.94834805,1,23
2026-06-05 05:05:24,44,69,33.1,51,-112.0,0,2.0284696,0.50067663,1,23
2026-06-05 05:05:28,80,69,33.1,51,-344.0,0,3.404129,1.2072275,1,23
2026-06-05 05:05:32,42,69,33.1,51,-155.0,0,23.11726,6.40237,1,23
2026-06-05 05:05:36,36,69,33.1,51,-140.0,0,0.28632197,0.18284677,1,23
2026-06-05 05:05:40,26,69,33.1,51,-130.0,0,2.0812306,0.544934,1,23
2026-06-05 05:05:44,76,70,33.1,51,-98.0,0,1.3819281,0.7280579,1,23
2026-06-05 05:05:48,49,70,33.1,51,-135.0,0,38.879074,18.510286,1,23
2026-06-05 05:05:52,29,68,33.1,51,-183.0,0,2.7085056,6.3112392,1,23
2026-06-05 05:05:56,56,68,33.1,51,-216.0,0,0.541052,0.41391692,1,23
2026-06-05 05:06:00,35,68,33.1,51,-98.0,0,0.043694075,0.0,1,23
2026-06-05 05:06:04,31,70,33.1,51,-282.0,0,6.5553913,17.498629,1,23
2026-06-05 05:06:08,39,70,33.1,51,-138.0,0,12.891793,3.0775337,1,23
2026-06-05 05:06:12,31,70,33.1,51,-187.0,0,0.062023275,0.046699878,1,23
2026-06-05 05:06:16,72,70,33.1,51,-128.0,0,6.746474,1.8099346,1,23
2026-06-05 05:06:20,60,71,33.1,51,-131.0,0,4.9325757,1.3266007,1,23
2026-06-05 05:06:24,41,70,33.1,51,-138.0,0,1.7404277,0.5205744,1,23
2026-06-05 05:06:28,41,70,33.1,51,-117.0,0,0.014590078,0.0,1,23
2026-06-05 05:06:32,41,70,33.1,51,-125.0,0,5.791548,1.7309247,1,23
2026-06-05 05:06:36,55,69,33.1,51,-110.0,0,0.2265761,0.120338164,1,23
2026-06-05 05:06:40,41,70,33.1,51,-131.0,0,0.02914387,0.0,1,23
2026-06-05 05:06:44,24,69,33.1,51,-137.0,0,0.064716354,0.032721754,1,23
2026-06-05 05:06:48,24,69,33.1,51,-154.0,0,2.0080097,1.6825695,1,23
2026-06-05 05:06:52,58,69,33.1,51,-220.0,0,1.153329,0.1584137,1,23
2026-06-05 05:06:56,41,69,33.1,51,-230.0,0,2.3674538,2.1692755,1,23
2026-06-05 05:07:00,24,69,33.0,51,-104.0,0,3.2893715,0.8602299,1,23
2026-06-05 05:07:04,48,69,33.0,51,-1092.0,0,13.632494,19.980875,1,23
2026-06-05 05:07:08,93,71,33.0,51,-884.0,0,41.428104,572.85236,1,23
2026-06-05 05:07:12,26,71,33.0,51,-197.0,0,25.19366,153.61661,1,23
2026-06-05 05:07:16,32,70,33.0,51,-256.0,0,3.597377,0.976805,1,23
2026-06-05 05:07:20,37,71,33.0,51,-385.0,0,29.851128,30.811409,1,23
2026-06-05 05:07:24,29,71,33.0,51,-132.0,0,7.6649933,7.440082,1,23
2026-06-05 05:07:28,62,72,33.0,51,-932.0,0,15.815949,21.898989,1,23
2026-06-05 05:07:32,45,71,33.0,51,-133.0,0,23.332216,89.96877,1,23
2026-06-05 05:07:37,45,71,33.0,51,-135.0,0,4.840491,2.745807,1,23
2026-06-05 05:07:41,27,70,33.0,51,-243.0,0,0.7523418,0.013603856,1,23
2026-06-05 05:07:45,26,70,33.0,51,-279.0,0,2.9524772,2.4014032,1,23
2026-06-05 05:07:49,31,71,33.0,51,-136.0,0,0.83217365,0.034885883,1,23
2026-06-05 05:07:53,26,70,33.0,51,-252.0,0,0.07293222,0.0,1,23
2026-06-05 05:07:57,54,71,33.0,51,-411.0,0,9.911261,22.614569,1,23
2026-06-05 05:08:01,35,72,32.5,51,-373.0,0,30.223179,211.2801,1,23
2026-06-05 05:08:05,45,72,32.5,51,-313.0,0,2.226611,2.818357,1,23
2026-06-05 05:08:09,45,71,32.5,51,-181.0,0,0.73734474,0.1840323,1,23
2026-06-05 05:08:13,26,71,32.5,51,-97.0,0,0.52447724,0.13336638,1,23
2026-06-05 05:08:17,26,70,32.5,51,-344.0,0,0.2980984,0.14203227,1,23
2026-06-05 05:08:21,98,72,32.5,51,-842.0,0,0.9232778,0.23639013,1,23
2026-06-05 05:08:25,26,70,32.5,51,-143.0,0,9.094857,9.190991,1,23
2026-06-05 05:08:29,37,71,32.5,51,-120.0,0,13.5584955,4.848169,1,23
2026-06-05 05:08:33,24,70,32.5,51,-116.0,0,0.74781376,0.12848866,1,23
2026-06-05 05:08:37,24,71,32.5,51,-113.0,0,2.0636199,0.63709885,1,23
2026-06-05 05:08:41,31,70,32.5,51,-91.0,0,0.123731755,2.1974468,1,23
2026-06-05 05:08:45,32,71,32.5,51,-122.0,0,0.45527613,0.15653151,1,23
2026-06-05 05:08:49,45,71,32.5,51,-259.0,0,0.9264389,0.108480036,1,23
2026-06-05 05:08:53,41,71,32.5,51,-192.0,0,5.095943,0.84111094,1,23
2026-06-05 05:08:57,50,71,32.5,51,-212.0,0,3.842261,1.1421103,1,23
2026-06-05 05:09:01,41,71,32.5,51,-276.0,0,4.6066055,0.77954954,1,23
2026-06-05 05:09:05,35,71,32.5,51,-99.0,0,5.344897,0.9445441,1,23
2026-06-05 05:09:09,38,71,32.5,51,-116.0,0,0.05842889,0.03103277,1,23
2026-06-05 05:09:13,30,71,32.5,51,-107.0,0,1.2925448,0.40352622,1,23
2026-06-05 05:09:17,24,71,32.5,51,-102.0,0,0.3860266,0.34754494,1,23
2026-06-05 05:09:21,24,71,32.5,51,-103.0,0,0.42195055,0.3485994,1,23
2026-06-05 05:09:25,24,71,32.5,51,-84.0,0,0.4411918,0.08186317,1,23
2026-06-05 05:09:29,63,72,32.5,51,-419.0,0,4.0549836,4.585587,1,23
2026-06-05 05:09:33,35,71,32.5,51,-134.0,0,9.533943,8.095963,1,23
2026-06-05 05:09:37,26,71,32.5,51,-104.0,0,3.0129075,1.8259898,1,23
2026-06-05 05:09:41,26,71,32.5,51,-96.0,0,0.0720415,0.012613325,1,23
2026-06-05 05:09:45,35,70,32.5,51,-99.0,0,0.07267892,0.0,1,23
2026-06-05 05:09:49,49,68,32.5,51,-193.0,0,0.40599212,0.034903202,1,23
2026-06-05 05:09:53,45,68,32.5,51,-100.0,0,1.3898915,1.4422853,1,23
2026-06-05 05:09:58,24,67,32.5,51,-90.0,0,0.24013434,0.13281445,1,23
2026-06-05 05:10:02,24,68,31.7,50,-168.0,0,0.20774323,0.19927873,1,23
2026-06-05 05:10:06,24,68,31.7,50,-89.0,0,0.06925462,0.0868699,1,23
2026-06-05 05:10:10,45,68,31.7,50,-228.0,0,0.051448874,0.030917633,1,23
2026-06-05 05:10:14,24,68,31.7,50,-96.0,0,0.08816021,0.05124464,1,23
2026-06-05 05:10:18,25,68,31.7,50,-92.0,0,0.27179176,0.1730464,1,23
2026-06-05 05:10:22,24,68,31.7,50,-96.0,0,0.0,0.0,1,23
2026-06-05 05:10:26,30,68,31.7,50,-110.0,0,0.1444161,0.14127135,1,23
2026-06-05 05:10:30,24,68,31.7,50,-74.0,0,3.3673482,3.7662566,1,23
2026-06-05 05:10:34,24,68,31.7,50,-116.0,0,0.092763744,0.10269407,1,23
2026-06-05 05:10:38,40,68,31.7,50,-107.0,0,0.35159156,0.20388436,1,23
2026-06-05 05:10:42,24,68,31.7,50,-116.0,0,0.04304073,0.025289468,1,23
2026-06-05 05:10:46,24,68,31.7,50,-99.0,0,0.066391766,0.034765143,1,23
2026-06-05 05:10:50,24,68,31.7,50,-130.0,0,0.014514181,0.0,1,23
2026-06-05 05:10:54,30,68,31.7,50,-102.0,0,1.6350958,0.76293194,1,23
2026-06-05 05:10:58,40,68,31.7,50,-108.0,0,8.539774,12.15022,1,23
2026-06-05 05:11:02,32,68,31.7,50,-86.0,0,0.12807377,0.022315884,1,23
2026-06-05 05:11:06,24,68,31.7,50,-99.0,0,0.67513037,0.055533353,1,23
2026-06-05 05:11:10,24,68,31.7,50,-118.0,0,0.34529585,0.428593,1,23
2026-06-05 05:11:14,24,68,31.3,50,-107.0,0,1.1360557,0.17449853,1,23
2026-06-05 05:11:18,39,68,31.3,50,-96.0,0,0.27711955,0.15438482,1,23
2026-06-05 05:11:22,24,69,31.3,50,-91.0,0,1.3844752,0.0,1,23
2026-06-05 05:11:26,26,68,31.3,50,-68.0,0,0.02899963,0.0,1,23
2026-06-05 05:11:30,24,68,31.3,50,-98.0,0,2.542547,1.3436204,1,23
2026-06-05 05:11:34,24,68,31.3,50,-98.0,0,0.4167989,0.12385434,1,23
2026-06-05 05:11:38,24,68,31.3,50,-95.0,0,1.1662754,0.11947564,1,23
2026-06-05 05:11:42,24,68,31.3,50,-113.0,0,0.9560414,0.0,1,23
2026-06-05 05:11:46,24,67,31.3,50,-82.0,0,0.6992699,0.03478234,1,23
2026-06-05 05:11:51,24,67,31.3,50,-104.0,0,1.281134,0.0,1,23
2026-06-05 05:11:55,24,67,31.3,50,-94.0,0,0.10118192,0.052643575,1,23
2026-06-05 05:11:59,24,67,31.3,50,-67.0,0,1.5659844,0.18606952,1,23
2026-06-05 05:12:03,25,67,31.0,50,-105.0,0,0.46773475,0.19482906,1,23
2026-06-05 05:12:07,45,67,31.0,50,-109.0,0,0.9867199,0.0,1,23
2026-06-05 05:12:11,48,69,31.0,50,-211.0,0,1.2702107,0.0,1,23
2026-06-05 05:12:15,61,69,31.0,50,-336.0,0,0.15250428,0.032835852,1,23
2026-06-05 05:12:19,33,70,31.0,50,-162.0,0,78.78649,1963.1943,1,23
2026-06-05 05:12:23,70,71,31.0,50,-487.0,0,39.012417,1281.7914,1,23
2026-06-05 05:12:27,45,70,31.0,50,-169.0,0,37.825134,1553.3043,1,23
2026-06-05 05:12:31,45,70,31.0,50,-172.0,0,6.7796483,2.7938178,1,23
2026-06-05 05:12:35,45,70,31.0,50,-180.0,0,1.2144587,0.96710485,1,23
2026-06-05 05:12:39,66,69,31.0,50,-154.0,0,0.8367762,0.09998602,1,23
2026-06-05 05:12:43,24,69,31.0,50,-111.0,0,1.5347369,0.46012983,1,23
2026-06-05 05:12:47,53,70,31.0,50,-187.0,0,6.9388094,40.33802,1,23
2026-06-05 05:12:51,41,70,31.0,50,-163.0,0,14.622503,34.61404,1,23
2026-06-05 05:12:55,41,69,31.0,50,-255.0,0,22.840483,16.648249,1,23
2026-06-05 05:12:59,27,70,31.0,50,-188.0,0,3.802878,2.287078,1,23
2026-06-05 05:13:03,25,70,31.0,50,-153.0,0,1.0301026,0.030767411,1,23
2026-06-05 05:13:07,24,70,31.0,50,-245.0,0,3.3980489,0.79849774,1,23
2026-06-05 05:13:11,35,70,31.0,50,-80.0,0,2.037907,0.28115723,1,23
2026-06-05 05:13:15,24,70,31.0,50,-102.0,0,2.6158357,0.081927195,1,23
2026-06-05 05:13:19,45,70,31.0,50,-152.0,0,0.68042165,0.23730008,1,23
2026-06-05 05:13:23,55,70,31.0,50,-224.0,0,0.9464397,0.0,1,23
2026-06-05 05:13:27,45,70,31.0,50,-119.0,0,1.3469325,0.78931314,1,23
2026-06-05 05:13:31,88,70,31.0,50,-147.0,0,4.8064957,3.596122,1,23
2026-06-05 05:13:35,26,70,31.0,50,-90.0,0,0.9906557,0.0680362,1,23
2026-06-05 05:13:39,24,69,31.0,50,-97.0,0,0.6452374,0.036276467,1,23
2026-06-05 05:13:43,31,69,31.0,50,-102.0,0,0.7346573,0.036732864,1,23
2026-06-05 05:13:47,35,69,31.0,50,-85.0,0,1.9419892,0.25273457,1,23
2026-06-05 05:13:51,37,69,31.0,50,-163.0,0,1.2163347,0.10581045,1,23
2026-06-05 05:13:55,45,69,31.0,50,-127.0,0,4.9792066,1.0394491,1,23
2026-06-05 05:13:59,45,69,31.0,50,-194.0,0,1.0727851,0.049569234,1,23
2026-06-05 05:14:03,24,69,30.8,50,-97.0,0,1.1219045,0.0,1,23
2026-06-05 05:14:07,26,69,30.8,50,-93.0,0,1.0270952,0.15474127,1,23
2026-06-05 05:14:12,24,69,30.8,50,-113.0,0,1.5406157,0.2711329,1,23
2026-06-05 05:14:16,24,70,30.8,50,-96.0,0,2.3559208,0.08814176,1,23
2026-06-05 05:14:20,37,69,30.8,50,-101.0,0,1.1582316,0.022255078,1,23
2026-06-05 05:14:24,29,70,30.8,50,-103.0,0,0.6911655,0.0,1,23
2026-06-05 05:14:28,45,68,30.8,50,-104.0,0,0.91569406,0.0,1,23
2026-06-05 05:14:32,32,66,30.8,50,-71.0,0,0.8354576,0.24286559,1,23
2026-06-05 05:14:36,24,66,30.8,50,-87.0,0,1.7520894,0.25584143,1,23
2026-06-05 05:14:40,24,66,30.8,50,-93.0,0,0.7638459,0.052212253,1,23
2026-06-05 05:14:44,45,66,30.8,50,-79.0,0,0.29891807,0.018380076,1,23
2026-06-05 05:14:48,24,66,30.8,50,-128.0,0,1.2642434,0.17367579,1,23
2026-06-05 05:14:52,24,66,30.8,50,-165.0,0,1.1551961,0.1053914,1,23
2026-06-05 05:14:56,24,66,30.8,50,-81.0,0,0.43499443,0.036249537,1,23
2026-06-05 05:15:00,26,66,30.8,50,-106.0,0,0.7634459,0.15481792,1,23
2026-06-05 05:15:04,25,66,30.6,50,-107.0,0,0.8849266,0.03675105,1,23
2026-06-05 05:15:08,24,66,30.6,50,-96.0,0,0.5581739,0.0,1,23
2026-06-05 05:15:12,24,66,30.6,50,-84.0,0,1.8118886,0.08706352,1,23
2026-06-05 05:15:16,31,67,30.6,50,-104.0,0,1.8902769,0.036258508,1,23
2026-06-05 05:15:20,24,67,30.6,50,-103.0,0,0.54501307,0.0,1,23
2026-06-05 05:15:24,47,68,30.6,50,-549.0,0,17.32775,13.7498455,1,23
2026-06-05 05:15:28,50,69,30.6,50,-602.0,0,27.21385,754.12067,1,23
2026-06-05 05:15:32,55,69,30.6,50,-407.0,0,8.617744,2.5274303,1,23
2026-06-05 05:15:36,50,70,30.6,50,-174.0,0,13.923507,29.283478,1,23
2026-06-05 05:15:40,83,69,30.6,50,-155.0,0,5.822321,44.04721,1,23
2026-06-05 05:15:44,80,69,30.6,50,-204.0,0,28.783972,68.037834,1,23
2026-06-05 05:15:48,28,69,30.6,50,-129.0,0,44.544178,258.82965,1,23
2026-06-05 05:15:52,49,69,30.6,50,-118.0,0,2.6219108,0.82799727,1,23
2026-06-05 05:15:56,35,69,30.6,50,-116.0,0,1.1783838,0.63339347,1,23
2026-06-05 05:16:00,34,68,30.6,50,-99.0,0,2.9180415,1.996312,1,23
2026-06-05 05:16:04,27,68,30.6,50,-84.0,0,0.32826853,0.0,1,23
2026-06-05 05:16:08,24,68,30.6,50,-91.0,0,0.6786323,0.3071271,1,23
2026-06-05 05:16:12,24,68,30.6,50,-91.0,0,1.3856989,1.6795619,1,23
2026-06-05 05:16:16,28,65,30.6,50,-105.0,0,2.8173053,0.034877233,1,23
2026-06-05 05:16:20,37,65,30.6,50,-104.0,0,0.19899216,0.0,1,23
2026-06-05 05:16:24,26,65,30.6,50,-69.0,0,0.41307694,0.0,1,23
2026-06-05 05:16:29,30,65,30.6,50,-100.0,0,0.7659171,0.15211931,1,23
2026-06-05 05:16:33,24,65,30.6,50,-92.0,0,7.600299,3.097368,1,23
2026-06-05 05:16:37,24,65,30.6,50,-92.0,0,0.41082808,0.0,1,23
2026-06-05 05:16:41,31,65,30.6,50,-77.0,0,1.0437284,0.0,1,23
2026-06-05 05:16:45,24,65,30.6,50,-209.0,0,1.7391237,0.030986615,1,23
2026-06-05 05:16:49,24,65,30.6,50,-94.0,0,0.78849274,0.21752356,1,23
2026-06-05 05:16:53,81,66,30.6,50,-310.0,0,1.4234394,0.030902348,1,23
2026-06-05 05:16:57,41,67,30.6,50,-264.0,0,9.43517,53.25941,1,23
2026-06-05 05:17:01,64,67,30.6,50,-323.0,0,11.196234,22.051569,1,23
2026-06-05 05:17:05,47,66,30.3,50,-211.0,0,2.851835,1.2325027,1,23
2026-06-05 05:17:09,41,67,30.3,50,-135.0,0,27.520071,1003.7098,1,23
2026-06-05 05:17:13,24,66,30.3,50,-110.0,0,5.67483,4.745313,1,23
2026-06-05 05:17:17,24,66,30.3,50,-127.0,0,2.74333,0.0348513,1,23
2026-06-05 05:17:21,24,66,30.3,50,-90.0,0,2.9376724,0.80622065,1,23
2026-06-05 05:17:25,24,65,30.3,50,-111.0,0,0.39274797,0.011579793,1,23
2026-06-05 05:17:29,31,65,30.3,50,-130.0,0,1.0688095,0.15189362,1,23
2026-06-05 05:17:33,24,65,30.3,50,-110.0,0,5.3024464,2.1453865,1,23
2026-06-05 05:17:37,24,65,30.3,50,-117.0,0,0.526957,0.0,1,23
2026-06-05 05:17:41,35,65,30.3,50,-90.0,0,1.1323583,0.0,1,23
2026-06-05 05:17:45,32,65,30.3,50,-81.0,0,0.2551773,0.020132808,1,23
2026-06-05 05:17:49,44,65,30.3,50,-89.0,0,0.98383033,0.16716152,1,23
2026-06-05 05:17:53,31,65,30.3,50,-90.0,0,1.0635781,0.0,1,23
2026-06-05 05:17:57,31,65,30.3,50,-93.0,0,1.9194504,0.62673455,1,23
2026-06-05 05:18:01,24,65,30.3,50,-89.0,0,0.5008758,0.0,1,23
2026-06-05 05:18:05,24,65,30.2,49,-92.0,0,1.410617,0.0,1,23
2026-06-05 05:18:09,24,66,30.2,49,-92.0,0,0.40511048,0.15185606,1,23
2026-06-05 05:18:13,27,65,30.2,49,-89.0,0,2.4170043,0.021261133,1,23
2026-06-05 05:18:17,26,65,30.2,49,-91.0,0,2.163562,0.034790948,1,23
2026-06-05 05:18:21,24,65,30.2,49,-117.0,0,1.0460576,0.0,1,23
2026-06-05 05:18:26,24,65,30.2,49,-98.0,0,1.5796978,0.11956429,1,23
2026-06-05 05:18:30,24,66,30.2,49,-71.0,0,0.4174212,0.03240698,1,23
2026-06-05 05:18:34,32,66,30.2,49,-95.0,0,0.5899008,0.03504122,1,23
2026-06-05 05:18:38,24,66,30.2,49,-96.0,0,1.1047196,0.0,1,23
2026-06-05 05:18:42,24,66,30.2,49,-95.0,0,1.2045237,0.0,1,23
2026-06-05 05:18:46,26,65,30.2,49,-113.0,0,0.940277,0.14199707,1,23
2026-06-05 05:18:50,24,65,30.2,49,-92.0,0,0.548666,0.045258287,1,23
2026-06-05 05:18:54,25,65,30.2,49,-111.0,0,1.3835641,0.0,1,23
2026-06-05 05:18:58,24,65,30.2,49,-94.0,0,0.4986908,0.3118028,1,23
2026-06-05 05:19:02,24,65,30.2,49,-83.0,0,1.0312732,0.0,1,23
2026-06-05 05:19:06,24,65,30.2,49,-115.0,0,1.3459159,0.11965308,1,23
2026-06-05 05:19:10,26,65,30.2,49,-107.0,0,2.1252606,0.03259232,1,23
2026-06-05 05:19:14,32,65,30.2,49,-121.0,0,0.52967745,0.0,1,23
2026-06-05 05:19:18,24,65,30.2,49,-92.0,0,2.799334,0.034825407,1,23
2026-06-05 05:19:22,31,65,30.2,49,-99.0,0,0.49782696,0.0,1,23
2026-06-05 05:19:26,35,65,30.2,49,-183.0,0,1.724712,0.15074293,1,23
2026-06-05 05:19:30,29,65,30.2,49,-87.0,0,2.8981931,2.2605567,1,23
2026-06-05 05:19:34,40,65,30.2,49,-92.0,0,1.1394441,0.03514559,1,23
2026-06-05 05:19:38,54,65,30.2,49,-93.0,0,1.7123154,0.0,1,23
2026-06-05 05:19:42,24,65,30.2,49,-91.0,0,0.11657548,0.0,1,23
2026-06-05 05:19:46,24,65,30.2,49,-89.0,0,1.0529996,0.14154127,1,23
2026-06-05 05:19:50,24,65,30.2,49,-86.0,0,1.1252224,0.045202274,1,23
2026-06-05 05:19:54,26,65,30.2,49,-113.0,0,0.51156723,0.0,1,23
2026-06-05 05:19:58,24,65,30.2,49,-90.0,0,5.8342295,4.147308,1,23
2026-06-05 05:20:02,24,65,30.2,49,-79.0,0,0.1592615,0.0,1,23
2026-06-05 05:20:06,32,65,29.7,49,-104.0,0,1.3271791,0.11944612,1,23
2026-06-05 05:20:11,24,65,29.7,49,-111.0,0,0.876651,0.045348197,1,23
2026-06-05 05:20:15,24,65,29.7,49,-116.0,0,2.6589572,0.0,1,23
2026-06-05 05:20:19,35,65,29.7,49,-130.0,0,0.8038437,0.034834035,1,23
2026-06-05 05:20:23,24,65,29.7,49,-118.0,0,1.7594147,0.0,1,23
2026-06-05 05:20:27,24,65,29.7,49,-90.0,0,0.7721151,0.14862311,1,23
2026-06-05 05:20:31,35,65,29.7,49,-502.0,0,1.0507716,0.032632656,1,23
2026-06-05 05:20:35,25,65,29.7,49,-495.0,0,2.9858925,1.4232956,1,23
2026-06-05 05:20:39,24,66,29.7,49,-93.0,0,4.227748,1.6070077,1,23
2026-06-05 05:20:43,31,66,29.7,49,-94.0,0,1.1482154,0.32544035,1,23
2026-06-05 05:20:47,24,66,29.7,49,-91.0,0,1.9020834,0.48066127,1,23
2026-06-05 05:20:51,24,66,29.7,49,-119.0,0,1.8274361,0.032568168,1,23
2026-06-05 05:20:55,35,66,29.7,49,-116.0,0,3.023648,3.9055252,1,23
2026-06-05 05:20:59,24,66,29.7,49,-91.0,0,3.593013,2.5323226,1,23
2026-06-05 05:21:03,24,66,29.7,49,-97.0,0,0.8521673,0.0,1,23
2026-06-05 05:21:07,24,66,29.7,49,-86.0,0,1.6698252,0.4454962,1,23
2026-06-05 05:21:11,24,66,29.6,49,-94.0,0,1.8643905,0.051983397,1,23
2026-06-05 05:21:15,38,66,29.6,49,-107.0,0,2.1306818,0.0,1,23
2026-06-05 05:21:19,39,66,29.6,49,-91.0,0,0.745699,0.034920536,1,23
2026-06-05 05:21:23,45,66,29.6,49,-89.0,0,0.11628628,0.0,1,23
2026-06-05 05:21:27,24,66,29.6,49,-69.0,0,1.659962,0.12012883,1,23
2026-06-05 05:21:31,33,65,29.6,49,-93.0,0,0.2530844,0.032632656,1,23
2026-06-05 05:21:35,25,65,29.6,49,-90.0,0,1.4326627,0.03508463,1,23
2026-06-05 05:21:39,45,65,29.6,49,-84.0,0,1.6372708,0.7776734,1,23
2026-06-05 05:21:43,24,65,29.6,49,-108.0,0,2.4188254,1.9387996,1,23
2026-06-05 05:21:47,26,65,29.6,49,-107.0,0,0.42156035,0.15419409,1,23
2026-06-05 05:21:51,24,65,29.6,49,-109.0,0,1.3986505,0.69847816,1,23
2026-06-05 05:21:55,24,65,29.6,49,-108.0,0,0.8756139,0.45898923,1,23
2026-06-05 05:22:00,42,65,29.6,49,-89.0,0,0.17172451,0.0,1,23
2026-06-05 05:22:04,28,65,29.6,49,-68.0,0,0.51482224,0.031025069,1,23
2026-06-05 05:22:08,24,65,29.6,49,-96.0,0,1.033565,0.12006916,1,23
2026-06-05 05:22:12,24,65,29.6,49,-68.0,0,1.1413771,0.18728927,1,23
2026-06-05 05:22:16,24,65,29.6,49,-69.0,0,2.4415274,0.0,1,23
2026-06-05 05:22:20,24,65,29.6,49,-91.0,0,0.8444053,0.034790948,1,23
2026-06-05 05:22:24,24,65,29.6,49,-112.0,0,0.74878645,0.0,1,23
2026-06-05 05:22:28,24,65,29.6,49,-91.0,0,1.018391,0.1196827,1,23
2026-06-05 05:22:32,24,65,29.6,49,-90.0,0,1.5372937,0.18747483,1,23
2026-06-05 05:22:36,24,65,29.6,49,-82.0,0,1.1650602,0.03504122,1,23
2026-06-05 05:22:40,35,66,29.6,49,-72.0,0,0.21771272,0.0,1,23
2026-06-05 05:22:44,26,66,29.6,49,-144.0,0,4.0595503,16.432495,1,23
2026-06-05 05:22:48,24,66,29.6,49,-109.0,0,1.1021414,0.15461434,1,23
2026-06-05 05:22:52,39,66,29.6,49,-100.0,0,1.1540093,0.032681193,1,23
2026-06-05 05:22:56,24,66,29.6,49,-107.0,0,0.3985969,0.0,1,23
2026-06-05 05:23:00,24,66,29.6,49,-113.0,0,1.0142341,0.0,1,23
2026-06-05 05:23:04,24,66,29.6,49,-69.0,0,1.1036246,0.0,1,23
2026-06-05 05:23:08,34,66,29.5,49,-103.0,0,0.96301264,0.119771674,1,23
2026-06-05 05:23:12,67,66,29.5,49,-79.0,0,2.1046147,0.032721754,1,23
2026-06-05 05:23:16,24,66,29.5,49,-92.0,0,1.803463,0.03492921,1,23
2026-06-05 05:23:20,24,66,29.5,49,-105.0,0,1.7955214,0.0,1,23
2026-06-05 05:23:24,24,66,29.5,49,-90.0,0,0.51308864,0.0,1,23
2026-06-05 05:23:28,24,66,29.5,49,-89.0,0,0.69685334,0.119771674,1,23
2026-06-05 05:23:32,31,66,29.5,49,-65.0,0,0.77170956,0.0326893,1,23
2026-06-05 05:23:36,24,65,29.5,49,-91.0,0,0.15018457,0.03506725,1,23
2026-06-05 05:23:40,35,65,29.5,49,-90.0,0,1.0720015,0.0,1,23
2026-06-05 05:23:44,24,65,29.5,49,-133.0,0,0.78066814,0.0,1,23
2026-06-05 05:23:48,24,65,29.5,49,-97.0,0,1.6034886,0.15461434,1,23
2026-06-05 05:23:53,24,65,29.5,49,-105.0,0,0.20931512,0.03259232,1,23
2026-06-05 05:23:57,24,65,29.5,49,-97.0,0,1.7896816,0.0,1,23
2026-06-05 05:24:01,26,65,29.5,49,-69.0,0,0.7804763,0.0,1,23
2026-06-05 05:24:05,24,65,29.5,49,-75.0,0,1.086948,0.0,1,23
2026-06-05 05:24:09,24,64,29.5,49,-101.0,0,1.622046,0.27428818,1,23
2026-06-05 05:24:13,24,65,29.5,49,-110.0,0,1.1692193,0.03259232,1,23
2026-06-05 05:24:17,24,65,29.5,49,-136.0,0,3.3811722,0.05713157,1,23
2026-06-05 05:24:21,34,65,29.5,49,-100.0,0,0.14510587,0.0,1,23
2026-06-05 05:24:25,29,65,29.5,49,-127.0,0,1.3907882,0.0,1,23
2026-06-05 05:24:29,24,65,29.5,49,-116.0,0,0.3849189,0.1196827,1,23
2026-06-05 05:24:33,24,65,29.5,49,-111.0,0,1.1210687,0.032568168,1,23
2026-06-05 05:24:37,24,65,29.5,49,-78.0,0,2.7033048,2.6390383,1,23
2026-06-05 05:24:41,24,65,29.5,49,-96.0,0,0.13056295,0.0,1,23
2026-06-05 05:24:45,24,65,29.5,49,-116.0,0,0.89349186,0.0,1,23
2026-06-05 05:24:49,24,65,29.5,49,-91.0,0,0.31899107,0.15453775,1,23
2026-06-05 05:24:53,25,65,29.5,49,-91.0,0,1.446482,0.03261651,1,23
2026-06-05 05:24:57,26,65,29.5,49,-70.0,0,0.85195655,0.0,1,23
2026-06-05 05:25:01,27,65,29.5,49,-99.0,0,1.4718642,0.0,1,23
2026-06-05 05:25:05,33,65,29.5,49,-92.0,0,0.77524185,0.032705516,1,23
2026-06-05 05:25:09,45,65,29.3,49,-89.0,0,2.2882652,0.08730134,1,23
2026-06-05 05:25:13,26,65,29.3,49,-86.0,0,1.1159675,0.032729875,1,23
2026-06-05 05:25:17,24,65,29.3,49,-68.0,0,2.759219,0.034868583,1,23
2026-06-05 05:25:21,24,65,29.3,49,-68.0,0,0.45298237,0.0,1,23
2026-06-05 05:25:25,24,63,29.3,49,-70.0,0,1.8144786,0.020048153,1,23
2026-06-05 05:25:29,24,63,29.3,49,-94.0,0,1.4696783,0.09959004,1,23
2026-06-05 05:25:33,41,63,29.3,49,-104.0,0,0.07906312,0.032640737,1,23
2026-06-05 05:25:38,24,63,29.3,49,-267.0,0,1.3478938,0.03514559,1,23
2026-06-05 05:25:42,35,63,29.3,49,-97.0,0,0.3666029,0.0,1,23
2026-06-05 05:25:46,24,63,29.3,49,-109.0,0,0.9000789,0.297922,1,23
2026-06-05 05:25:50,24,63,29.3,49,-112.0,0,1.3966777,0.012569617,1,23
2026-06-05 05:25:54,35,63,29.3,49,-89.0,0,0.10797017,0.032608442,1,23
2026-06-05 05:25:58,24,63,29.3,49,-69.0,0,0.65120363,0.0,1,23
2026-06-05 05:26:02,24,63,29.3,49,-70.0,0,0.058085505,0.0,1,23
2026-06-05 05:26:06,41,63,29.3,49,-136.0,0,1.5844969,0.032632656,1,23
2026-06-05 05:26:10,50,64,29.3,49,-444.0,0,6.072536,3.6681113,1,23
2026-06-05 05:26:14,83,64,29.3,49,-204.0,0,2.1770625,0.032860402,1,23
2026-06-05 05:26:18,100,66,29.3,49,-174.0,0,20.176394,7.38386,1,23
2026-06-05 05:26:22,88,66,29.3,49,-427.0,0,32.26447,235.34573,1,23
2026-06-05 05:26:26,40,65,29.3,49,-494.0,0,78.40405,1090.7986,1,23
2026-06-05 05:26:30,35,65,29.3,49,-108.0,0,32.653324,80.18731,1,23
2026-06-05 05:26:34,24,65,29.3,49,-125.0,0,20.549019,23.975834,1,23
2026-06-05 05:26:38,68,65,29.3,49,-623.0,0,26.593014,36.55956,1,23
2026-06-05 05:26:42,72,65,29.3,49,-311.0,0,22.072742,305.1323,1,23
2026-06-05 05:26:46,41,66,29.3,49,-115.0,0,23.409042,8.316227,1,23
2026-06-05 05:26:50,41,66,29.3,49,-175.0,0,70.37105,81.00926,1,23
2026-06-05 05:26:54,31,66,29.3,49,-122.0,0,43.139343,301.38947,1,23
2026-06-05 05:26:58,68,67,29.3,49,-190.0,0,3.8989787,0.8449484,1,23
2026-06-05 05:27:02,41,66,29.3,49,-147.0,0,20.755415,16.878567,1,23
2026-06-05 05:27:06,87,67,29.3,48,-437.0,0,67.37965,83.64677,1,23
2026-06-05 05:27:10,65,66,29.3,48,-216.0,0,4.2791767,16.915413,1,23
2026-06-05 05:27:14,57,66,29.3,48,-439.0,0,38.745586,120.426315,1,23
2026-06-05 05:27:18,85,67,29.3,48,-414.0,0,36.529182,453.61728,1,23
2026-06-05 05:27:22,73,67,29.3,48,-551.0,0,7.836384,12.010963,1,23
2026-06-05 05:27:26,69,67,29.3,48,-456.0,0,11.081343,83.01317,1,23
2026-06-05 05:27:30,57,67,29.3,48,-539.0,0,13.428527,80.129524,1,23
2026-06-05 05:27:34,41,67,29.3,48,-280.0,0,16.11255,45.864895,1,23
2026-06-05 05:27:38,50,67,29.3,48,-124.0,0,2.3080182,0.7425565,1,23
2026-06-05 05:27:42,41,66,29.3,48,-380.0,0,5.773971,9.262907,1,23
2026-06-05 05:27:46,35,66,29.3,48,-131.0,0,6.5125194,54.57298,1,23
2026-06-05 05:27:50,78,68,29.3,48,-592.0,0,53.523277,1938.4347,1,23
2026-06-05 05:27:54,56,68,29.3,48,-632.0,0,24.385069,697.24567,1,23
2026-06-05 05:27:58,100,68,29.3,48,-563.0,0,4.865274,3.450245,1,23
2026-06-05 05:28:02,36,68,29.3,48,-203.0,0,17.214256,24.633942,1,23
2026-06-05 05:28:06,74,68,30.4,48,-279.0,0,46.80471,337.32758,1,23
2026-06-05 05:28:10,41,68,30.4,48,-438.0,0,46.650352,488.73178,1,23
2026-06-05 05:28:14,41,69,30.4,48,-115.0,0,16.93137,23.434101,1,23
2026-06-05 05:28:18,78,68,30.4,48,-876.0,0,33.481586,41.239414,1,23
2026-06-05 05:28:22,78,70,30.4,48,-849.0,0,68.58198,293.50644,1,23
2026-06-05 05:28:26,40,67,30.4,48,-234.0,0,18.719154,679.18317,1,23
2026-06-05 05:28:30,84,68,30.4,48,-192.0,0,17.363058,444.31137,1,23
2026-06-05 05:28:34,38,68,30.4,48,-536.0,0,4.48679,17.847244,1,23
2026-06-05 05:28:38,35,66,30.4,48,-187.0,0,13.70488,95.1464,1,23
2026-06-05 05:28:42,35,66,30.4,48,-157.0,0,9.676164,3.3476603,1,23
2026-06-05 05:28:47,37,67,30.4,48,-159.0,0,1.0607113,0.29464203,1,23
2026-06-05 05:28:51,36,67,30.4,48,-237.0,0,1.5373032,0.22915114,1,23
2026-06-05 05:28:55,35,67,30.4,48,-157.0,0,2.9030054,0.59597963,1,23
2026-06-05 05:28:59,35,67,30.4,48,-182.0,0,0.61171705,0.7551792,1,23
2026-06-05 05:29:03,35,67,30.4,48,-160.0,0,2.6043284,0.6351902,1,23
2026-06-05 05:29:07,41,66,30.9,48,-155.0,0,3.8322494,1.4433714,1,23
2026-06-05 05:29:11,35,66,30.9,48,-267.0,0,1.6628742,0.15531808,1,23
2026-06-05 05:29:15,35,67,30.9,48,-174.0,0,4.680957,1.1190485,1,23
2026-06-05 05:29:19,40,67,30.9,48,-188.0,0,15.301258,3.09071,1,23
2026-06-05 05:29:23,37,67,30.9,48,-180.0,0,2.9037397,5.644517,1,23
2026-06-05 05:29:27,36,67,30.9,48,-185.0,0,0.56680924,0.2927503,1,23
2026-06-05 05:29:31,50,67,30.9,48,-244.0,0,5.810862,57.858295,1,23
2026-06-05 05:29:35,35,66,30.9,48,-271.0,0,5.426699,186.61493,1,23
2026-06-05 05:29:39,35,66,30.9,48,-205.0,0,6.994457,5.1012,1,23
2026-06-05 05:29:43,36,66,30.9,48,-151.0,0,0.07159193,0.025724558,1,23
2026-06-05 05:29:47,35,66,30.9,48,-158.0,0,1.5457188,0.12949699,1,23
2026-06-05 05:29:51,35,66,30.9,48,-182.0,0,0.67131096,0.9368313,1,23
2026-06-05 05:29:55,36,66,30.9,48,-161.0,0,2.082137,0.42874658,1,23
2026-06-05 05:29:59,72,66,30.9,48,-132.0,0,1.4493196,1.6693251,1,23
2026-06-05 05:30:03,56,66,30.9,48,-157.0,0,1.4262378,0.8053849,1,23
2026-06-05 05:30:07,59,66,30.8,48,-170.0,0,2.9425564,1.6921095,1,23
2026-06-05 05:30:11,49,66,30.8,48,-158.0,0,1.9688956,0.45443517,1,23
2026-06-05 05:30:15,43,66,30.8,48,-145.0,0,1.7013836,0.86102897,1,23
2026-06-05 05:30:19,39,66,30.8,48,-147.0,0,2.6062725,3.9132965,1,23
2026-06-05 05:30:23,51,66,30.8,48,-133.0,0,2.8913624,0.576332,1,23
2026-06-05 05:30:27,35,65,30.8,48,-131.0,0,1.8581172,0.36593756,1,23
2026-06-05 05:30:31,35,65,30.8,48,-132.0,0,2.5684466,2.2375114,1,23
2026-06-05 05:30:35,35,66,30.8,48,-165.0,0,3.3651161,4.111115,1,23
2026-06-05 05:30:39,35,66,30.8,48,-181.0,0,5.7432446,7.0328016,1,23
2026-06-05 05:30:43,35,66,30.8,48,-161.0,0,1.3158354,0.43610406,1,23
2026-06-05 05:30:47,40,66,30.8,48,-163.0,0,0.2334045,0.13586956,1,23
2026-06-05 05:30:51,31,66,30.8,48,-127.0,0,2.4472365,1.3445954,1,23
2026-06-05 05:30:55,45,66,30.8,48,-181.0,0,3.799654,5.3746066,1,23
2026-06-05 05:30:59,35,66,30.8,48,-155.0,0,2.783823,1.8485887,1,23
2026-06-05 05:31:03,42,66,30.8,48,-424.0,0,0.4081518,0.013072478,1,23
2026-06-05 05:31:07,50,66,30.8,48,-169.0,0,1.1950872,0.14811118,1,23
2026-06-05 05:31:11,35,66,30.8,48,-179.0,0,5.7332335,3.705007,1,23
2026-06-05 05:31:15,35,66,30.8,48,-162.0,0,0.9721996,0.0133310845,1,23
2026-06-05 05:31:19,42,66,30.8,48,-218.0,0,2.7249243,1.7532083,1,23
2026-06-05 05:31:23,89,66,30.8,48,-243.0,0,4.1942887,4.305764,1,23
2026-06-05 05:31:27,37,67,30.8,48,-208.0,0,13.042361,269.84174,1,23
2026-06-05 05:31:31,35,67,30.8,48,-205.0,0,7.6055493,121.859215,1,23
2026-06-05 05:31:36,50,67,30.8,48,-211.0,0,1.5327922,97.255844,1,23
2026-06-05 05:31:40,42,67,30.8,48,-212.0,0,1.8150718,120.18294,1,23
2026-06-05 05:31:44,41,67,30.8,48,-210.0,0,1.5187472,125.384224,1,23
2026-06-05 05:31:48,35,67,30.8,48,-207.0,0,1.8352389,83.66928,1,23
2026-06-05 05:31:52,40,67,30.8,48,-193.0,0,0.62534904,49.771725,1,23
2026-06-05 05:31:56,35,67,30.8,48,-165.0,0,1.7622802,125.812675,1,23
2026-06-05 05:32:00,37,67,30.8,48,-193.0,0,1.1118313,142.93454,1,23
2026-06-05 05:32:04,40,67,30.8,48,-169.0,0,2.037917,94.62505,1,23
2026-06-05 05:32:08,46,67,30.9,47,-230.0,0,1.3698564,91.60496,1,23
2026-06-05 05:32:12,38,67,30.9,47,-193.0,0,2.1147933,160.13077,1,23
2026-06-05 05:32:16,45,68,30.9,47,-199.0,0,1.1130137,62.99838,1,23
2026-06-05 05:32:20,40,68,30.9,47,-166.0,0,7.6868443,47.94951,1,23
2026-06-05 05:32:24,42,68,30.9,47,-183.0,0,1.5886419,0.13701461,1,23
2026-06-05 05:32:28,31,69,30.9,47,-184.0,0,2.6595128,107.62919,1,23
2026-06-05 05:32:32,38,68,30.9,47,-236.0,0,9.007645,431.03378,1,23
2026-06-05 05:32:36,41,68,30.9,47,-201.0,0,5.2393813,280.84808,1,23
2026-06-05 05:32:40,35,67,30.9,47,-172.0,0,3.8021126,285.63617,1,23
2026-06-05 05:32:44,37,67,30.9,47,-177.0,0,1.184925,4.474092,1,23
2026-06-05 05:32:48,35,67,30.9,47,-149.0,0,1.1744947,0.11157942,1,23
2026-06-05 05:32:52,35,67,30.9,47,-166.0,0,1.2935936,0.75340366,1,23
2026-06-05 05:32:56,35,68,30.9,47,-162.0,0,0.6131735,0.17234884,1,23
2026-06-05 05:33:00,35,68,30.9,47,-194.0,0,0.76103026,0.11685778,1,23
2026-06-05 05:33:04,39,68,30.9,47,-197.0,0,0.4704661,0.06762496,1,23
2026-06-05 05:33:08,40,68,30.9,47,-208.0,0,1.5473564,0.17303406,1,23
2026-06-05 05:33:12,35,68,30.9,47,-199.0,0,6.147684,87.04001,1,23
2026-06-05 05:33:16,35,68,30.9,47,-178.0,0,1.042071,0.049737964,1,23
2026-06-05 05:33:20,91,68,30.9,47,-148.0,0,13.239327,3.1121566,1,23
2026-06-05 05:33:24,33,68,30.9,47,-235.0,0,8.807585,321.76602,1,23
2026-06-05 05:33:28,38,68,30.9,47,-214.0,0,3.242966,208.59352,1,23
2026-06-05 05:33:32,46,68,30.9,47,-232.0,0,8.840448,234.90437,1,23
2026-06-05 05:33:36,37,68,30.9,47,-232.0,0,3.8124337,275.2997,1,23
2026-06-05 05:33:40,40,68,30.9,47,-226.0,0,2.3037047,251.28871,1,23
2026-06-05 05:33:44,42,68,30.9,47,-191.0,0,3.55493,224.1804,1,23
2026-06-05 05:33:48,39,67,30.9,47,-182.0,0,5.6038804,284.49298,1,23
2026-06-05 05:33:52,63,67,30.9,47,-193.0,0,5.3817987,72.608665,1,23
2026-06-05 05:33:56,38,68,30.9,47,-264.0,0,0.74725515,0.037934203,1,23
2026-06-05 05:34:00,35,68,30.9,47,-197.0,0,1.000097,0.025718167,1,23
2026-06-05 05:34:04,35,68,30.9,47,-184.0,0,0.40643623,0.05141079,1,23
2026-06-05 05:34:08,38,68,31.1,47,-207.0,0,0.99865234,0.2526974,1,23
2026-06-05 05:34:12,35,67,31.1,47,-186.0,0,0.7479383,0.06521731,1,23
2026-06-05 05:34:16,48,67,31.1,47,-190.0,0,0.42545718,0.09654046,1,23
2026-06-05 05:34:20,41,68,31.1,47,-182.0,0,15.357053,84.233864,1,23
2026-06-05 05:34:24,52,69,31.1,47,-198.0,0,3.7910035,2.7006502,1,23
2026-06-05 05:34:28,35,67,31.1,47,-179.0,0,8.874722,234.52393,1,23
2026-06-05 05:34:33,73,67,31.1,47,-210.0,0,8.69354,505.13934,1,23
2026-06-05 05:34:37,48,67,31.1,47,-199.0,0,2.054567,52.998657,1,23
2026-06-05 05:34:41,35,66,31.1,47,-190.0,0,2.182819,1.751354,1,23
2026-06-05 05:34:45,35,66,31.1,47,-166.0,0,0.5220938,28.936937,1,23
2026-06-05 05:34:49,54,67,31.1,47,-211.0,0,11.239928,114.69128,1,23
2026-06-05 05:34:53,39,68,31.1,47,-235.0,0,3.8940763,60.46726,1,23
2026-06-05 05:34:57,35,68,31.1,47,-210.0,0,2.070332,82.90933,1,23
2026-06-05 05:35:01,35,68,31.1,47,-300.0,0,2.888116,5.4781823,1,23
2026-06-05 05:35:05,35,69,31.1,47,-213.0,0,5.8440895,222.10355,1,23
2026-06-05 05:35:09,35,69,31.2,47,-220.0,0,2.737569,138.51025,1,23
2026-06-05 05:35:13,38,69,31.2,47,-217.0,0,4.325123,273.06732,1,23
2026-06-05 05:35:17,39,68,31.2,47,-281.0,0,0.86301434,0.20647322,1,23
2026-06-05 05:35:21,46,69,31.2,47,-231.0,0,17.216183,276.62277,1,23
2026-06-05 05:35:25,45,69,31.2,47,-196.0,0,1.541149,0.14678766,1,23
2026-06-05 05:35:29,35,69,31.2,47,-203.0,0,0.53738827,0.15908244,1,23
2026-06-05 05:35:33,40,69,31.2,47,-166.0,0,9.781623,273.86725,1,23
2026-06-05 05:35:37,44,69,31.2,47,-203.0,0,0.48269674,0.13354287,1,23
2026-06-05 05:35:41,50,69,31.2,47,-224.0,0,1.4271528,0.101887375,1,23
2026-06-05 05:35:45,40,69,31.2,47,-201.0,0,3.796126,239.43149,1,23
2026-06-05 05:35:49,46,69,31.2,47,-222.0,0,0.8401738,0.19463298,1,23
2026-06-05 05:35:53,38,69,31.2,47,-190.0,0,0.42601722,0.06991052,1,23
2026-06-05 05:35:57,36,69,31.2,47,-186.0,0,0.7131571,0.02205141,1,23
2026-06-05 05:36:01,39,69,31.2,47,-193.0,0,0.40051672,0.07224817,1,23
2026-06-05 05:36:05,98,69,31.2,47,-602.0,0,0.8393054,0.44547933,1,23
2026-06-05 05:36:09,53,69,31.3,47,-230.0,0,18.514252,664.7755,1,23
2026-06-05 05:36:13,50,69,31.3,47,-186.0,0,10.757529,1007.9332,1,23
2026-06-05 05:36:17,42,69,31.3,47,-179.0,0,0.69299734,0.11590453,1,23
2026-06-05 05:36:21,40,69,31.3,47,-155.0,0,11.612749,4.585429,1,23
2026-06-05 05:36:25,79,70,31.3,47,-535.0,0,12.313528,531.3525,1,23
2026-06-05 05:36:29,52,69,31.3,47,-276.0,0,8.556002,163.90907,1,23
2026-06-05 05:36:33,53,69,31.3,47,-219.0,0,4.4951954,60.580833,1,23
2026-06-05 05:36:37,37,69,31.3,47,-207.0,0,2.1200213,56.534065,1,23
2026-06-05 05:36:41,45,69,31.3,47,-194.0,0,0.8058823,56.605957,1,23
2026-06-05 05:36:45,50,69,31.3,47,-216.0,0,1.9502127,111.7271,1,23
2026-06-05 05:36:49,40,69,31.3,47,-292.0,0,3.044792,57.310566,1,23
2026-06-05 05:36:53,35,69,31.3,47,-396.0,0,2.0743768,56.26353,1,23
2026-06-05 05:36:57,41,69,31.3,47,-231.0,0,1.2404721,111.666504,1,23
2026-06-05 05:37:01,67,69,31.3,47,-196.0,0,1.8281424,54.444813,1,23
2026-06-05 05:37:05,39,69,31.3,47,-216.0,0,3.587115,39.95055,1,23
2026-06-05 05:37:09,48,69,31.6,46,-228.0,0,7.487952,145.34067,1,23
2026-06-05 05:37:13,36,69,31.6,46,-209.0,0,2.3013942,0.36964142,1,23
2026-06-05 05:37:17,35,69,31.6,46,-186.0,0,1.37461,52.48793,1,23
2026-06-05 05:37:21,37,69,31.6,46,-231.0,0,23.421263,210.56721,1,23
2026-06-05 05:37:26,35,69,31.6,46,-191.0,0,4.564806,206.5191,1,23
2026-06-05 05:37:30,35,69,31.6,46,-193.0,0,3.2029603,52.32204,1,23
2026-06-05 05:37:34,78,69,31.6,46,-211.0,0,4.681342,52.465748,1,23
2026-06-05 05:37:38,47,69,31.6,46,-186.0,0,3.344696,100.14679,1,23
2026-06-05 05:37:42,35,69,31.6,46,-218.0,0,1.3853449,3.2957468,1,23
2026-06-05 05:37:46,35,69,31.6,46,-191.0,0,0.35766903,0.3615462,1,23
2026-06-05 05:37:50,35,69,31.6,46,-164.0,0,1.075237,0.060368437,1,23
2026-06-05 05:37:54,35,69,31.6,46,-174.0,0,0.29059163,0.5312151,1,23
2026-06-05 05:37:58,35,69,31.6,46,-238.0,0,0.8650108,0.27863678,1,23
2026-06-05 05:38:02,53,69,31.6,46,-166.0,0,0.71878105,0.031040477,1,23
2026-06-05 05:38:06,52,69,31.6,46,-165.0,0,0.55630356,0.11252173,1,23
2026-06-05 05:38:10,35,69,31.6,46,-156.0,0,0.943265,0.26856682,1,23
2026-06-05 05:38:14,35,70,31.6,46,-150.0,0,1.2130036,0.46221212,1,23
2026-06-05 05:38:18,35,69,31.6,46,-194.0,0,2.1166525,1.4463105,1,23
2026-06-05 05:38:22,42,69,31.6,46,-176.0,0,8.400671,2.2169888,1,23
2026-06-05 05:38:26,36,69,31.6,46,-169.0,0,2.248884,0.71501356,1,23
2026-06-05 05:38:30,37,69,31.6,46,-178.0,0,0.8262661,0.63663524,1,23
2026-06-05 05:38:34,38,69,31.6,46,-158.0,0,0.79318416,0.06985842,1,23
2026-06-05 05:38:38,45,69,31.6,46,-182.0,0,0.89115876,0.19046001,1,23
2026-06-05 05:38:42,39,69,31.6,46,-162.0,0,2.8251164,1.5962248,1,23
2026-06-05 05:38:46,35,69,31.6,46,-174.0,0,0.5424268,0.25907317,1,23
2026-06-05 05:38:50,41,69,31.6,46,-167.0,0,1.8318129,2.2634413,1,23
2026-06-05 05:38:54,37,69,31.6,46,-163.0,0,1.2208242,0.45920244,1,23
2026-06-05 05:38:58,45,69,31.6,46,-168.0,0,0.24304801,0.37173477,1,23
2026-06-05 05:39:02,37,69,31.6,46,-163.0,0,1.0357041,0.043871388,1,23
2026-06-05 05:39:06,31,69,31.6,46,-256.0,0,5.196699,32.373447,1,23
2026-06-05 05:39:10,39,69,31.6,46,-196.0,0,16.817604,848.44037,1,23
2026-06-05 05:39:14,74,69,31.6,46,-925.0,0,12.722839,2.3582194,1,23
2026-06-05 05:39:18,51,69,31.6,46,-254.0,0,10.438091,67.667915,1,23
2026-06-05 05:39:22,36,69,31.6,46,-197.0,0,3.3383336,220.44254,1,23
2026-06-05 05:39:26,38,69,31.6,46,-199.0,0,1.1061732,0.3503124,1,23
2026-06-05 05:39:30,50,68,31.6,46,-213.0,0,1.1744914,0.19284141,1,23
2026-06-05 05:39:34,37,68,31.6,46,-190.0,0,3.709431,143.17125,1,23
2026-06-05 05:39:38,35,68,31.6,46,-233.0,0,2.895503,1.5472746,1,23
2026-06-05 05:39:42,35,68,31.6,46,-200.0,0,0.29423007,0.7065888,1,23
2026-06-05 05:39:46,36,68,31.6,46,-247.0,0,5.8368335,308.17688,1,23
2026-06-05 05:39:50,40,68,31.6,46,-207.0,0,1.4274141,0.551633,1,23
2026-06-05 05:39:54,35,68,31.6,46,-191.0,0,1.338953,0.26827574,1,23
2026-06-05 05:39:58,45,68,31.6,46,-191.0,0,0.7301787,0.04680322,1,23
2026-06-05 05:40:02,31,69,31.6,46,-212.0,0,2.61137,55.35983,1,23
2026-06-05 05:40:06,36,69,31.6,46,-194.0,0,3.7751827,51.929493,1,23
2026-06-05 05:40:10,37,68,31.7,46,-201.0,0,1.9424576,0.26377857,1,23
2026-06-05 05:40:15,26,68,31.7,46,-201.0,0,12.147514,1.5547264,1,23
2026-06-05 05:40:19,35,68,31.7,46,-169.0,0,0.8534318,1.3774647,1,23
2026-06-05 05:40:23,39,69,31.7,46,-187.0,0,0.910844,0.18090779,1,23
2026-06-05 05:40:27,35,68,31.7,46,-267.0,0,1.2231888,0.113491744,1,23
2026-06-05 05:40:31,35,68,31.7,46,-165.0,0,1.0621663,0.0,1,23
2026-06-05 05:40:35,35,68,31.7,46,-153.0,0,1.0378702,0.17883451,1,23
2026-06-05 05:40:39,31,69,31.7,46,-270.0,0,2.434621,123.34953,1,23
2026-06-05 05:40:43,41,69,31.7,46,-191.0,0,5.8141794,146.5303,1,23
2026-06-05 05:40:47,45,69,31.7,46,-198.0,0,0.70433813,51.82793,1,23
2026-06-05 05:40:51,35,69,31.7,46,-228.0,0,2.2744362,113.54719,1,23
2026-06-05 05:40:55,35,69,31.7,46,-210.0,0,1.8433524,0.14297068,1,23
2026-06-05 05:40:59,35,69,31.7,46,-209.0,0,0.5214795,0.1410321,1,23
2026-06-05 05:41:03,35,69,31.7,46,-198.0,0,0.44318676,0.44197455,1,23
2026-06-05 05:41:07,35,69,31.7,46,-153.0,0,1.4778048,0.38834772,1,23
2026-06-05 05:41:11,39,69,31.8,46,-433.0,0,6.5597944,326.76974,1,23
2026-06-05 05:41:15,47,69,31.8,46,-229.0,0,14.642352,270.95813,1,23
2026-06-05 05:41:19,48,69,31.8,46,-214.0,0,5.0325117,296.8932,1,23
2026-06-05 05:41:23,45,70,31.8,46,-390.0,0,3.7678492,9.52809,1,23
2026-06-05 05:41:27,40,70,31.8,46,-219.0,0,10.757746,546.8227,1,23
2026-06-05 05:41:31,35,70,31.8,46,-173.0,0,3.5768454,3.4348397,1,23
2026-06-05 05:41:35,35,70,31.8,46,-193.0,0,0.44294432,0.05891378,1,23
2026-06-05 05:41:39,54,70,31.8,46,-274.0,0,1.9959545,0.3107576,1,23
2026-06-05 05:41:43,31,70,31.8,46,-223.0,0,22.612696,178.47563,1,23
2026-06-05 05:41:47,26,70,31.8,46,-165.0,0,6.272761,118.81576,1,23
2026-06-05 05:41:51,73,70,31.8,46,-335.0,0,2.70192,4.5211496,1,23
2026-06-05 05:41:55,30,70,31.8,46,-204.0,0,3.2817466,4.476459,1,23
2026-06-05 05:41:59,26,70,31.8,46,-197.0,0,6.9079256,252.94957,1,23
2026-06-05 05:42:03,26,70,31.8,46,-183.0,0,0.77456516,0.076293945,1,23
2026-06-05 05:42:07,45,70,31.8,46,-174.0,0,0.9229958,0.16433592,1,23
2026-06-05 05:42:11,26,69,31.9,46,-179.0,0,2.2445166,0.08200698,1,23
2026-06-05 05:42:15,35,68,31.9,46,-436.0,0,4.300025,57.288353,1,23
2026-06-05 05:42:19,41,68,31.9,46,-230.0,0,26.999426,792.2704,1,23
2026-06-05 05:42:23,40,69,31.9,46,-212.0,0,5.567501,217.11186,1,23
2026-06-05 05:42:27,48,69,31.9,46,-279.0,0,0.6562189,2.5462458,1,23
2026-06-05 05:42:31,35,69,31.9,46,-191.0,0,0.73934186,0.07114193,1,23
2026-06-05 05:42:35,36,69,31.9,46,-193.0,0,0.3685462,0.33336568,1,23
2026-06-05 05:42:39,39,68,31.9,46,-599.0,0,4.772716,173.02277,1,23
2026-06-05 05:42:43,44,69,31.9,46,-169.0,0,2.1339788,37.521713,1,23
2026-06-05 05:42:47,43,69,31.9,46,-216.0,0,1.9856932,49.696045,1,23
2026-06-05 05:42:51,43,69,31.9,46,-191.0,0,2.7047763,106.11865,1,23
2026-06-05 05:42:55,44,69,31.9,46,-269.0,0,10.027837,415.54553,1,23
2026-06-05 05:42:59,52,69,31.9,46,-431.0,0,28.606434,376.47836,1,23
2026-06-05 05:43:03,73,70,31.9,46,-358.0,0,15.672673,5.055505,1,23
2026-06-05 05:43:07,53,69,31.9,46,-319.0,0,10.838266,1.0995729,1,23
2026-06-05 05:43:12,40,70,31.9,45,-484.0,0,5.169922,305.3096,1,23
2026-06-05 05:43:16,59,70,31.9,45,-329.0,0,17.060122,58.75728,1,23
2026-06-05 05:43:20,51,70,31.9,45,-217.0,0,5.1467814,276.11807,1,23
2026-06-05 05:43:24,46,70,31.9,45,-214.0,0,2.9136264,0.07422167,1,23
2026-06-05 05:43:28,38,70,31.9,45,-201.0,0,1.3886296,0.47527498,1,23
2026-06-05 05:43:32,49,70,31.9,45,-187.0,0,5.1935587,0.6137424,1,23
2026-06-05 05:43:36,36,70,31.9,45,-185.0,0,1.1578304,0.10059638,1,23
2026-06-05 05:43:40,38,70,31.9,45,-210.0,0,0.8999313,0.17314766,1,23
2026-06-05 05:43:44,46,70,31.9,45,-319.0,0,1.3860104,1.4481069,1,23
2026-06-05 05:43:48,50,70,31.9,45,-663.0,0,7.5222564,696.26086,1,23
2026-06-05 05:43:52,41,70,31.9,45,-206.0,0,14.638961,286.57407,1,23
2026-06-05 05:43:56,39,70,31.9,45,-246.0,0,0.8411782,0.076911874,1,23
2026-06-05 05:44:00,35,70,31.9,45,-320.0,0,1.8731582,0.17326108,1,23
2026-06-05 05:44:04,35,70,31.9,45,-307.0,0,1.4084104,0.053042457,1,23
2026-06-05 05:44:08,40,70,31.9,45,-193.0,0,3.046274,52.894592,1,23
2026-06-05 05:44:12,35,70,32.3,45,-226.0,0,1.415336,0.12886548,1,23
2026-06-05 05:44:16,35,69,32.3,45,-207.0,0,5.1807756,53.701725,1,23
2026-06-05 05:44:20,50,69,32.3,45,-170.0,0,1.8172891,1.3736397,1,23
2026-06-05 05:44:24,37,69,32.3,45,-168.0,0,1.8417817,0.11620534,1,23
2026-06-05 05:44:28,35,69,32.3,45,-199.0,0,3.4328828,82.14596,1,23
2026-06-05 05:44:32,41,69,32.3,45,-191.0,0,0.6873274,0.120736875,1,23
2026-06-05 05:44:36,35,70,32.3,45,-190.0,0,0.78494155,0.18117772,1,23
2026-06-05 05:44:40,35,70,32.3,45,-163.0,0,1.7816749,49.552242,1,23
2026-06-05 05:44:44,35,70,32.3,45,-162.0,0,0.46135664,0.07567996,1,23
2026-06-05 05:44:48,40,70,32.3,45,-175.0,0,2.805283,1.3221303,1,23
2026-06-05 05:44:52,44,70,32.3,45,-203.0,0,2.1205356,83.30745,1,23
2026-06-05 05:44:56,50,69,32.3,45,-193.0,0,7.4574523,756.44885,1,23
2026-06-05 05:45:00,56,70,32.3,45,-130.0,0,1.5278476,0.39256355,1,23
2026-06-05 05:45:04,45,70,32.3,45,-182.0,0,0.44095775,0.08785179,1,23
2026-06-05 05:45:08,32,70,32.3,45,-268.0,0,2.0750134,23.416862,1,23
2026-06-05 05:45:12,36,69,32.4,45,-327.0,0,4.44792,138.4773,1,23
2026-06-05 05:45:16,88,70,32.4,45,-980.0,0,29.595074,563.4666,1,23
2026-06-05 05:45:20,36,69,32.4,45,-272.0,0,13.090657,629.1705,1,23
2026-06-05 05:45:24,38,69,32.4,45,-230.0,0,1.9713718,2.4757102,1,23
2026-06-05 05:45:28,36,69,32.4,45,-372.0,0,4.159496,259.9475,1,23
2026-06-05 05:45:32,37,69,32.4,45,-242.0,0,4.5444818,136.05984,1,23
2026-06-05 05:45:36,35,69,32.4,45,-235.0,0,0.8311584,0.48621795,1,23
2026-06-05 05:45:40,41,69,32.4,45,-244.0,0,0.73824054,0.07321794,1,23
2026-06-05 05:45:44,35,69,32.4,45,-253.0,0,8.027601,326.87222,1,23
2026-06-05 05:45:48,39,69,32.4,45,-239.0,0,12.582922,569.2811,1,23
2026-06-05 05:45:52,42,69,32.4,45,-244.0,0,0.96661,0.28595343,1,23
2026-06-05 05:45:56,37,69,32.4,45,-244.0,0,0.79037726,0.044179562,1,23
2026-06-05 05:46:00,37,69,32.4,45,-360.0,0,5.120584,125.5459,1,23
2026-06-05 05:46:05,35,70,32.4,45,-274.0,0,8.07802,334.99292,1,23
2026-06-05 05:46:09,36,70,32.4,45,-251.0,0,16.428986,904.12823,1,23
2026-06-05 05:46:13,54,70,32.5,45,-235.0,0,0.6662802,0.0,1,23
2026-06-05 05:46:17,35,69,32.5,45,-251.0,0,10.056211,0.6640917,1,23
2026-06-05 05:46:21,45,69,32.5,45,-245.0,0,1.6133037,1.4894457,1,23
2026-06-05 05:46:25,44,69,32.5,45,-238.0,0,1.2361858,0.4381295,1,23
2026-06-05 05:46:29,35,69,32.5,45,-212.0,0,0.7974815,0.057344798,1,23
2026-06-05 05:46:33,35,69,32.5,45,-243.0,0,1.232277,40.730343,1,23
2026-06-05 05:46:37,36,69,32.5,45,-250.0,0,0.8133986,0.19899216,1,23
2026-06-05 05:46:41,38,69,32.5,45,-235.0,0,0.67520523,0.40003183,1,23
2026-06-05 05:46:45,50,69,32.5,45,-229.0,0,0.8565911,0.08760591,1,23
2026-06-05 05:46:49,54,69,32.5,45,-248.0,0,2.3950481,0.95222753,1,23
2026-06-05 05:46:53,51,69,32.5,45,-365.0,0,4.89641,33.14558,1,23
2026-06-05 05:46:57,40,70,32.5,45,-212.0,0,1.0076958,0.3035492,1,23
2026-06-05 05:47:01,47,69,32.5,45,-261.0,0,0.41343167,0.03566576,1,23
2026-06-05 05:47:05,39,69,32.5,45,-201.0,0,0.6496644,0.27683043,1,23
2026-06-05 05:47:09,35,70,32.5,45,-219.0,0,1.7352763,0.88859916,1,23
2026-06-05 05:47:13,35,70,32.6,45,-254.0,0,2.1263037,0.66060865,1,23
2026-06-05 05:47:17,38,69,32.6,45,-238.0,0,3.6446536,0.4456112,1,23
2026-06-05 05:47:21,35,69,32.6,45,-228.0,0,2.337398,3.676656,1,23
2026-06-05 05:47:25,37,70,32.6,45,-256.0,0,1.2966675,0.62953967,1,23
2026-06-05 05:47:29,35,70,32.6,45,-205.0,0,0.27776697,0.10069661,1,23
2026-06-05 05:47:33,35,70,32.6,45,-203.0,0,0.8397904,0.11882683,1,23
2026-06-05 05:47:37,37,70,32.6,45,-214.0,0,0.57192427,0.26765767,1,23
2026-06-05 05:47:41,35,70,32.6,45,-251.0,0,1.0347635,1.0978143,1,23
2026-06-05 05:47:45,39,70,32.6,45,-217.0,0,0.5285269,0.08727967,1,23
2026-06-05 05:47:49,35,70,32.6,45,-231.0,0,1.4738187,0.27167162,1,23
2026-06-05 05:47:53,35,70,32.6,45,-237.0,0,1.682599,0.29624417,1,23
2026-06-05 05:47:57,47,70,32.6,45,-233.0,0,1.005178,0.33368513,1,23
2026-06-05 05:48:01,36,69,32.6,45,-281.0,0,0.36860567,0.0,1,23
2026-06-05 05:48:05,35,69,32.6,45,-223.0,0,0.62418455,0.19633177,1,23
2026-06-05 05:48:09,49,70,32.6,45,-217.0,0,2.4273374,0.73642415,1,23
2026-06-05 05:48:13,42,71,32.6,44,-582.0,0,7.2820816,101.41338,1,23
2026-06-05 05:48:17,90,70,32.6,44,-316.0,0,11.828284,75.83183,1,23
2026-06-05 05:48:21,52,70,32.6,44,-316.0,0,10.033022,147.86568,1,23
2026-06-05 05:48:25,45,70,32.6,44,-287.0,0,5.2660456,363.08624,1,23
2026-06-05 05:48:29,31,70,32.6,44,-244.0,0,2.7275815,102.22826,1,23
2026-06-05 05:48:33,35,70,32.6,44,-222.0,0,7.803269,72.5445,1,23
2026-06-05 05:48:37,35,70,32.6,44,-248.0,0,4.962835,295.73013,1,23
2026-06-05 05:48:41,38,69,32.6,44,-248.0,0,5.6971803,209.40405,1,23
2026-06-05 05:48:45,68,69,32.6,44,-262.0,0,1.0531937,10.763043,1,23
2026-06-05 05:48:49,31,69,32.6,44,-228.0,0,2.911024,135.07079,1,23
2026-06-05 05:48:53,35,69,32.6,44,-221.0,0,2.6008427,2.2698085,1,23
2026-06-05 05:48:57,35,70,32.6,44,-171.0,0,0.92370987,0.21868406,1,23
2026-06-05 05:49:02,68,70,32.6,44,-242.0,0,2.4274693,155.70853,1,23
2026-06-05 05:49:06,51,69,32.6,44,-246.0,0,7.9826016,385.14478,1,23
2026-06-05 05:49:10,35,70,32.6,44,-248.0,0,3.3768117,193.37373,1,23
2026-06-05 05:49:14,35,70,32.8,44,-214.0,0,0.93899316,0.14349094,1,23
2026-06-05 05:49:18,35,70,32.8,44,-197.0,0,19.871895,135.27878,1,23
2026-06-05 05:49:22,53,70,32.8,44,-166.0,0,4.5369163,70.35398,1,23
2026-06-05 05:49:26,49,70,32.8,44,-160.0,0,1.3510046,0.1914733,1,23
2026-06-05 05:49:30,42,70,32.8,44,-197.0,0,1.0534801,36.050297,1,23
2026-06-05 05:49:34,35,70,32.8,44,-198.0,0,3.0522127,52.196476,1,23
2026-06-05 05:49:38,36,70,32.8,44,-191.0,0,1.972763,109.83928,1,23
2026-06-05 05:49:42,37,69,32.8,44,-539.0,0,7.896565,395.18777,1,23
2026-06-05 05:49:46,46,69,32.8,44,-191.0,0,2.977117,4.1718554,1,23
2026-06-05 05:49:50,36,69,32.8,44,-213.0,0,5.6166315,305.5078,1,23
2026-06-05 05:49:54,31,69,32.8,44,-212.0,0,5.462814,153.00233,1,23
2026-06-05 05:49:58,31,69,32.8,44,-145.0,0,11.622675,389.68857,1,23
2026-06-05 05:50:02,57,70,32.8,44,-186.0,0,7.2972136,255.37767,1,23
2026-06-05 05:50:06,80,70,32.8,44,-201.0,0,15.2273035,315.3258,1,23
2026-06-05 05:50:10,59,69,32.8,44,-217.0,0,8.353898,279.4828,1,23
2026-06-05 05:50:14,50,69,33.4,44,-224.0,0,1.8309332,0.3925684,1,23
2026-06-05 05:50:18,45,69,33.4,44,-222.0,0,20.659847,0.47504508,1,23
2026-06-05 05:50:22,50,69,33.4,44,-417.0,0,2.9821725,1.4311901,1,23
2026-06-05 05:50:26,42,69,33.4,44,-282.0,0,5.6939383,19.457533,1,23
2026-06-05 05:50:30,44,69,33.4,44,-268.0,0,8.378045,211.669,1,23
2026-06-05 05:50:34,35,68,33.4,44,-256.0,0,15.973877,561.21936,1,23
2026-06-05 05:50:38,35,68,33.4,44,-209.0,0,0.6854134,0.10335792,1,23
2026-06-05 05:50:42,40,69,33.4,44,-178.0,0,1.9002329,0.4646254,1,23
2026-06-05 05:50:46,35,68,33.4,44,-398.0,0,10.800388,1139.8563,1,23
2026-06-05 05:50:50,35,69,33.4,44,-258.0,0,3.9140334,133.20726,1,23
2026-06-05 05:50:54,52,69,33.4,44,-209.0,0,4.087302,0.27814874,1,23
2026-06-05 05:50:58,36,70,33.4,44,-195.0,0,5.950365,362.91266,1,23
2026-06-05 05:51:02,35,70,33.4,44,-178.0,0,0.945522,28.138193,1,23
2026-06-05 05:51:06,37,70,33.4,44,-167.0,0,0.8306729,0.100496374,1,23
2026-06-05 05:51:10,35,70,33.4,44,-230.0,0,3.3862243,4.384838,1,23
2026-06-05 05:51:14,35,70,33.4,44,-346.0,0,4.9453783,263.5601,1,23
2026-06-05 05:51:18,28,70,33.4,44,-185.0,0,14.466181,13.276056,1,23
2026-06-05 05:51:22,34,69,33.4,44,-465.0,0,30.741514,2965.5503,1,23
2026-06-05 05:51:26,39,70,33.7,44,-249.0,0,6.9809017,394.33157,1,23
2026-06-05 05:51:30,35,70,33.7,44,-180.0,0,1.3488876,0.022144826,1,23
2026-06-05 05:51:34,35,70,33.7,44,-201.0,0,6.5023355,52.295795,1,23
2026-06-05 05:51:38,35,70,33.7,44,-263.0,0,4.1833267,58.028675,1,23
2026-06-05 05:51:42,98,67,33.7,44,-1093.0,0,1.9795579,100.791824,1,23
2026-06-05 05:51:46,75,66,33.7,44,-424.0,0,23.268457,60.874992,1,23
2026-06-05 05:51:50,51,65,33.7,44,-264.0,0,2.928958,58.120674,1,23
2026-06-05 05:51:54,43,65,33.7,44,-210.0,0,3.0692656,51.650703,1,23
2026-06-05 05:51:58,70,67,33.7,44,-766.0,0,7.2100234,2.8306935,1,23
2026-06-05 05:52:02,61,67,33.7,44,-216.0,0,8.541514,4.517697,1,23
2026-06-05 05:52:06,55,67,33.7,44,-348.0,0,8.342634,4.6052504,1,23
2026-06-05 05:52:10,58,67,33.7,44,-763.0,0,4.6631465,115.40314,1,23
2026-06-05 05:52:14,51,67,33.7,44,-200.0,0,6.6101103,108.84427,1,23
2026-06-05 05:52:18,26,68,33.7,44,-223.0,0,20.455938,1023.7708,1,23
2026-06-05 05:52:22,35,66,33.7,44,-819.0,0,13.650724,560.0422,1,23
2026-06-05 05:52:26,50,66,34.3,43,-235.0,0,14.049547,707.1625,1,23
2026-06-05 05:52:31,39,66,34.3,43,-186.0,0,23.45111,1289.2576,1,23
2026-06-05 05:52:35,35,66,34.3,43,-187.0,0,2.6027102,119.3023,1,23
2026-06-05 05:52:39,45,66,34.3,43,-319.0,0,2.4723103,75.30124,1,23
2026-06-05 05:52:43,33,66,34.3,43,-237.0,0,1.8408289,80.91828,1,23
2026-06-05 05:52:47,37,66,34.3,43,-316.0,0,2.12785,33.016964,1,23
2026-06-05 05:52:51,35,67,34.3,43,-576.0,0,9.783872,989.0987,1,23
2026-06-05 05:52:55,37,67,34.3,43,-197.0,0,1.4856398,0.15372042,1,23
2026-06-05 05:52:59,70,66,34.3,43,-186.0,0,34.12488,481.50595,1,23
2026-06-05 05:53:03,35,66,34.3,43,-181.0,0,0.6678427,0.22851077,1,23
2026-06-05 05:53:07,36,67,34.3,43,-376.0,0,5.358605,163.4201,1,23
2026-06-05 05:53:11,36,67,34.3,43,-213.0,0,2.983171,0.79617673,1,23
2026-06-05 05:53:15,46,68,34.3,43,-311.0,0,8.304429,435.3582,1,23
2026-06-05 05:53:19,41,68,34.3,43,-312.0,0,3.974286,308.41855,1,23
2026-06-05 05:53:23,55,66,34.3,43,-219.0,0,5.599104,104.87786,1,23
2026-06-05 05:53:27,50,66,34.4,43,-233.0,0,3.4256265,3.7351022,1,23
2026-06-05 05:53:31,40,66,34.4,43,-208.0,0,4.392223,3.1272354,1,23
2026-06-05 05:53:35,51,65,34.4,43,-226.0,0,0.6894381,0.041468136,1,23
2026-06-05 05:53:39,35,66,34.4,43,-229.0,0,7.997433,364.43448,1,23
2026-06-05 05:53:43,46,66,34.4,43,-198.0,0,1.5629365,1.9312997,1,23
2026-06-05 05:53:47,39,67,34.4,43,-197.0,0,3.8972728,182.5512,1,23
2026-06-05 05:53:51,55,67,34.4,43,-188.0,0,2.7417939,102.13079,1,23
2026-06-05 05:53:55,35,67,34.4,43,-176.0,0,3.630486,127.247055,1,23
2026-06-05 05:53:59,46,66,34.4,43,-194.0,0,19.274618,35.682858,1,23
2026-06-05 05:54:03,35,67,34.4,43,-196.0,0,2.0384226,101.85958,1,23
2026-06-05 05:54:07,49,66,34.4,43,-344.0,0,3.5740047,189.1097,1,23
2026-06-05 05:54:11,37,67,34.4,43,-212.0,0,5.5180283,213.1095,1,23
2026-06-05 05:54:15,39,67,34.4,43,-194.0,0,3.3936398,76.68838,1,23
2026-06-05 05:54:19,39,67,34.4,43,-209.0,0,2.8666365,74.72874,1,23
2026-06-05 05:54:23,52,67,34.4,43,-209.0,0,4.646739,145.49228,1,23
2026-06-05 05:54:27,35,67,34.5,43,-172.0,0,2.8067362,72.8036,1,23
2026-06-05 05:54:31,50,67,34.5,43,-161.0,0,2.5053275,92.3989,1,23
2026-06-05 05:54:35,35,67,34.5,43,-192.0,0,2.6770904,125.8544,1,23
2026-06-05 05:54:39,50,67,34.5,43,-192.0,0,3.3712635,73.51368,1,23
2026-06-05 05:54:43,41,67,34.5,43,-193.0,0,0.61308855,11.779329,1,23
2026-06-05 05:54:47,38,67,34.5,43,-292.0,0,2.2931259,92.34024,1,23
2026-06-05 05:54:51,35,66,34.5,43,-230.0,0,1.1212025,48.770363,1,23
2026-06-05 05:54:55,73,66,34.5,43,-207.0,0,1.9630975,53.141296,1,23
2026-06-05 05:54:59,42,67,34.5,43,-211.0,0,10.172384,0.44282857,1,23
2026-06-05 05:55:03,31,66,34.5,43,-349.0,0,2.337633,136.31604,1,23
2026-06-05 05:55:07,42,67,34.5,43,-216.0,0,4.875519,59.222424,1,23
2026-06-05 05:55:11,31,67,34.5,43,-407.0,0,8.069209,624.58545,1,23
2026-06-05 05:55:15,36,67,34.5,43,-213.0,0,4.7194443,220.43861,1,23
2026-06-05 05:55:19,35,67,34.5,43,-192.0,0,2.4760928,138.43683,1,23
2026-06-05 05:55:23,93,67,34.5,43,-620.0,0,4.2541566,113.78602,1,23
2026-06-05 05:55:27,40,67,34.6,43,-230.0,0,3.2597418,6.5724287,1,23
2026-06-05 05:55:31,31,66,34.6,43,-228.0,0,7.6888785,359.2134,1,23
2026-06-05 05:55:35,45,67,34.6,43,-210.0,0,8.030866,581.9751,1,23
2026-06-05 05:55:39,35,67,34.6,43,-195.0,0,1.4433073,0.17788866,1,23
2026-06-05 05:55:43,36,66,34.6,43,-203.0,0,6.146628,136.19095,1,23
2026-06-05 05:55:48,35,66,34.6,43,-354.0,0,2.5422628,109.36118,1,23
2026-06-05 05:55:52,35,66,34.6,43,-187.0,0,3.2303922,103.27482,1,23
2026-06-05 05:55:56,35,66,34.6,43,-190.0,0,0.98989695,136.20671,1,23
2026-06-05 05:56:00,76,66,34.6,43,-178.0,0,17.859533,0.40890074,1,23
2026-06-05 05:56:04,40,66,34.6,43,-201.0,0,9.046577,1.653299,1,23
2026-06-05 05:56:08,38,66,34.6,43,-182.0,0,1.4157971,0.27825478,1,23
2026-06-05 05:56:12,39,66,34.6,43,-186.0,0,0.9658897,0.08198662,1,23
2026-06-05 05:56:16,35,66,34.6,43,-192.0,0,0.12085689,0.07304804,1,23
2026-06-05 05:56:20,42,66,34.6,43,-200.0,0,4.7608333,152.59158,1,23
2026-06-05 05:56:24,50,66,34.6,43,-191.0,0,0.5227152,0.41174775,1,23
2026-06-05 05:56:28,56,66,34.6,43,-187.0,0,1.0576998,0.22033387,1,23
2026-06-05 05:56:32,49,66,34.6,43,-165.0,0,0.062085122,0.046989918,1,23
2026-06-05 05:56:36,39,66,34.6,43,-212.0,0,4.2397876,324.88705,1,23
2026-06-05 05:56:40,39,67,34.6,43,-190.0,0,0.5556471,0.6019308,1,23
2026-06-05 05:56:44,37,67,34.6,43,-181.0,0,0.6646252,0.0,1,23
2026-06-05 05:56:48,35,67,34.6,43,-192.0,0,0.88421446,0.2898905,1,23
2026-06-05 05:56:52,47,67,34.6,43,-198.0,0,0.40104488,0.09571766,1,23
2026-06-05 05:56:56,44,67,34.6,43,-192.0,0,0.39890835,0.053042457,1,23
2026-06-05 05:57:00,52,67,34.6,43,-388.0,0,2.0013473,0.21469834,1,23
2026-06-05 05:57:04,37,67,34.6,43,-216.0,0,6.9771857,310.65912,1,23
2026-06-05 05:57:08,35,67,34.6,43,-208.0,0,1.5225453,2.1545956,1,23
2026-06-05 05:57:12,31,67,34.6,43,-283.0,0,2.2486126,0.6713867,1,23
2026-06-05 05:57:16,31,67,34.6,43,-209.0,0,6.971247,584.52075,1,23
2026-06-05 05:57:20,63,69,34.6,43,-835.0,0,6.5515013,10.689433,1,23
2026-06-05 05:57:24,42,67,34.6,43,-288.0,0,20.122057,15.568987,1,23
2026-06-05 05:57:28,55,66,34.7,43,-287.0,0,7.3186316,94.51668,1,23
2026-06-05 05:57:32,37,67,34.7,43,-352.0,0,4.058739,0.7122646,1,23
2026-06-05 05:57:36,32,67,34.7,43,-490.0,0,2.971745,109.11171,1,23
2026-06-05 05:57:40,38,67,34.7,43,-234.0,0,7.952357,317.32446,1,23
2026-06-05 05:57:44,35,68,34.7,43,-216.0,0,5.4052844,385.6923,1,23
2026-06-05 05:57:48,36,68,34.7,43,-205.0,0,0.99572504,0.21321371,1,23
2026-06-05 05:57:52,60,68,34.7,43,-217.0,0,1.5617241,2.2574673,1,23
2026-06-05 05:57:56,79,67,34.7,43,-298.0,0,5.5645313,117.51545,1,23
2026-06-05 05:58:00,43,68,34.7,43,-441.0,0,2.9362645,72.9092,1,23
2026-06-05 05:58:04,35,68,34.7,43,-358.0,0,1.9859854,4.3103113,1,23
2026-06-05 05:58:08,35,68,34.7,43,-337.0,0,16.161587,601.2997,1,23
2026-06-05 05:58:12,48,68,34.7,43,-151.0,0,14.216916,1374.5604,1,23
2026-06-05 05:58:16,31,68,34.7,43,-254.0,0,2.366997,2.039936,1,23
2026-06-05 05:58:20,26,69,34.7,43,-138.0,0,2.2966492,6.1272364,1,23
2026-06-05 05:58:24,27,69,34.7,43,-192.0,0,23.901318,5.259438,1,23
2026-06-05 05:58:28,54,68,34.9,42,-124.0,0,0.76835525,2.6254966,1,23
2026-06-05 05:58:32,35,69,34.9,42,-123.0,0,2.307026,1.1094875,1,23
2026-06-05 05:58:36,46,69,34.9,42,-335.0,0,11.4960985,1482.4849,1,23
2026-06-05 05:58:40,36,69,34.9,42,-260.0,0,5.6803384,216.52844,1,23
2026-06-05 05:58:44,73,69,34.9,42,-239.0,0,2.5812097,53.889904,1,23
2026-06-05 05:58:48,35,68,34.9,42,-191.0,0,3.0806546,49.779484,1,23
2026-06-05 05:58:53,35,68,34.9,42,-197.0,0,3.248897,136.80493,1,23
2026-06-05 05:58:57,49,67,34.9,42,-264.0,0,7.6451726,320.2463,1,23
2026-06-05 05:59:01,47,68,34.9,42,-246.0,0,5.3505106,171.49184,1,23
2026-06-05 05:59:05,51,67,34.9,42,-466.0,0,7.5776086,258.06223,1,23
2026-06-05 05:59:09,35,67,34.9,42,-236.0,0,4.38893,113.28246,1,23
2026-06-05 05:59:13,37,67,34.9,42,-220.0,0,3.5205734,135.70628,1,23
2026-06-05 05:59:17,35,67,34.9,42,-214.0,0,3.150241,72.57567,1,23
2026-06-05 05:59:21,39,67,34.9,42,-179.0,0,1.8532134,2.8113458,1,23
2026-06-05 05:59:25,39,67,34.9,42,-335.0,0,18.006523,69.44019,1,23
2026-06-05 05:59:29,26,67,35.2,42,-197.0,0,2.4930348,1.0515702,1,23
2026-06-05 05:59:33,32,67,35.2,42,-188.0,0,7.9189544,8.431054,1,23
2026-06-05 05:59:37,45,68,35.2,42,-453.0,0,7.6567454,54.378906,1,23
2026-06-05 05:59:41,31,68,35.2,42,-216.0,0,5.693745,52.511517,1,23
2026-06-05 05:59:45,72,68,35.2,42,-226.0,0,7.3042793,467.6166,1,23
2026-06-05 05:59:49,39,67,35.2,42,-233.0,0,13.300942,586.27966,1,23
2026-06-05 05:59:53,36,68,35.2,42,-267.0,0,3.6994028,62.36713,1,23
2026-06-05 05:59:57,47,67,35.2,42,-185.0,0,4.1719217,75.69624,1,23
2026-06-05 06:00:01,33,67,35.2,42,-434.0,0,9.529458,426.95135,1,23
2026-06-05 06:00:05,86,69,35.2,42,-118.0,0,0.77711517,0.0809951,1,23
2026-06-05 06:00:09,29,68,35.2,42,-155.0,0,32.229733,9.790733,1,23
2026-06-05 06:00:13,26,68,35.2,42,-112.0,0,0.7384238,0.058443397,1,23
2026-06-05 06:00:17,26,68,35.2,42,-131.0,0,0.43238413,0.12513192,1,23
2026-06-05 06:00:21,35,67,35.2,42,-122.0,0,0.9940011,1.5043228,1,23
2026-06-05 06:00:25,26,67,35.2,42,-116.0,0,0.4880388,0.16946803,1,23
2026-06-05 06:00:29,26,67,35.3,42,-120.0,0,0.6963674,0.27777132,1,23
2026-06-05 06:00:33,26,67,35.3,42,-111.0,0,0.37918168,0.03660897,1,23
2026-06-05 06:00:37,26,67,35.3,42,-119.0,0,0.053108316,0.129982,1,23
2026-06-05 06:00:41,26,67,35.3,42,-109.0,0,0.8704512,0.5482413,1,23
2026-06-05 06:00:45,26,67,35.3,42,-118.0,0,0.04968859,0.048719056,1,23
2026-06-05 06:00:49,26,67,35.3,42,-133.0,0,0.93509436,0.19424549,1,23
2026-06-05 06:00:53,70,68,35.3,42,-331.0,0,8.750048,161.92859,1,23
2026-06-05 06:00:57,35,68,35.3,42,-224.0,0,10.256952,576.2494,1,23
2026-06-05 06:01:01,43,68,35.3,42,-215.0,0,2.124375,112.136345,1,23
2026-06-05 06:01:05,35,67,35.3,42,-184.0,0,2.4780881,52.61607,1,23
2026-06-05 06:01:09,36,67,35.3,42,-167.0,0,11.860857,51.914715,1,23
2026-06-05 06:01:13,42,67,35.3,42,-243.0,0,0.79376125,51.998543,1,23
2026-06-05 06:01:17,35,67,35.3,42,-230.0,0,2.9688377,161.24467,1,23
2026-06-05 06:01:21,35,68,35.3,42,-197.0,0,1.5146933,55.72413,1,23
2026-06-05 06:01:25,40,68,35.3,42,-196.0,0,1.9061259,51.740124,1,23
2026-06-05 06:01:29,40,68,35.3,42,-210.0,0,0.6917216,0.32899845,1,23
2026-06-05 06:01:33,37,68,35.3,42,-333.0,0,4.906655,104.58634,1,23
2026-06-05 06:01:37,36,68,35.3,42,-214.0,0,2.0914876,44.291344,1,23
2026-06-05 06:01:41,42,68,35.3,42,-216.0,0,0.6199281,2.9815705,1,23
2026-06-05 06:01:45,39,67,35.3,42,-206.0,0,1.1259792,52.138897,1,23
2026-06-05 06:01:49,35,67,35.3,42,-185.0,0,0.2529314,0.15835494,1,23
2026-06-05 06:01:53,36,67,35.3,42,-209.0,0,1.1768706,52.005653,1,23
2026-06-05 06:01:57,39,67,35.3,42,-178.0,0,2.0009458,0.26653385,1,23
2026-06-05 06:02:01,41,67,35.3,42,-220.0,0,1.0870157,9.736673,1,23
2026-06-05 06:02:05,41,67,35.3,42,-169.0,0,0.65144604,44.48782,1,23
2026-06-05 06:02:10,36,67,35.3,42,-280.0,0,11.961859,270.57913,1,23
2026-06-05 06:02:14,35,68,35.3,42,-185.0,0,1.9818546,2.2211866,1,23
2026-06-05 06:02:18,35,68,35.3,42,-183.0,0,0.10255361,0.053095132,1,23
2026-06-05 06:02:22,36,68,35.3,42,-180.0,0,1.0849348,1.3147713,1,23
2026-06-05 06:02:26,65,66,35.3,42,-181.0,0,2.1739678,47.62295,1,23
2026-06-05 06:02:30,42,67,34.7,42,-216.0,0,2.9184794,54.55617,1,23
2026-06-05 06:02:34,37,67,34.7,42,-201.0,0,1.0738065,52.064823,1,23
2026-06-05 06:02:38,48,67,34.7,42,-196.0,0,2.3451066,78.8702,1,23
2026-06-05 06:02:42,39,67,34.7,42,-150.0,0,1.183227,0.39998797,1,23
2026-06-05 06:02:46,53,67,34.7,42,-149.0,0,0.5793414,0.13555959,1,23
2026-06-05 06:02:50,47,67,34.7,42,-179.0,0,0.40405306,0.092590444,1,23
2026-06-05 06:02:54,40,67,34.7,42,-180.0,0,0.37584406,0.047649052,1,23
2026-06-05 06:02:58,35,67,34.7,42,-223.0,0,4.2817388,194.12297,1,23
2026-06-05 06:03:02,42,67,34.7,42,-205.0,0,3.180394,75.23738,1,23
2026-06-05 06:03:06,37,67,34.7,42,-211.0,0,0.6646252,0.0,1,23
2026-06-05 06:03:10,35,67,34.7,42,-171.0,0,9.178524,0.3319876,1,23
2026-06-05 06:03:14,43,66,34.7,42,-304.0,0,5.0720444,170.73329,1,23
2026-06-05 06:03:18,38,66,34.7,42,-604.0,0,5.095541,350.13257,1,23
2026-06-05 06:03:22,35,66,34.7,42,-187.0,0,2.3510828,111.133644,1,23
2026-06-05 06:03:26,36,66,34.7,42,-204.0,0,0.8522199,0.11828308,1,23
2026-06-05 06:03:30,38,66,34.7,41,-241.0,0,4.029654,252.58083,1,23
2026-06-05 06:03:34,38,66,34.7,41,-203.0,0,2.5274308,0.7710724,1,23
2026-06-05 06:03:38,35,66,34.7,41,-226.0,0,0.08875637,0.053108316,1,23
2026-06-05 06:03:42,35,66,34.7,41,-183.0,0,4.3026905,273.00662,1,23
2026-06-05 06:03:46,35,66,34.7,41,-186.0,0,0.8873875,0.42455024,1,23
2026-06-05 06:03:50,35,66,34.7,41,-196.0,0,0.6142619,0.2866394,1,23
2026-06-05 06:03:54,35,66,34.7,41,-207.0,0,0.73636067,0.06762496,1,23
2026-06-05 06:03:58,37,66,34.7,41,-192.0,0,0.46281204,0.089020975,1,23
2026-06-05 06:04:02,45,67,34.7,41,-200.0,0,0.7322399,0.45419255,1,23
2026-06-05 06:04:06,63,67,34.7,41,-205.0,0,0.51472074,0.10066404,1,23
2026-06-05 06:04:10,36,67,34.7,41,-210.0,0,9.751771,174.78767,1,23
2026-06-05 06:04:14,31,67,34.7,41,-200.0,0,6.271287,259.76443,1,23
2026-06-05 06:04:18,42,66,34.7,41,-184.0,0,4.8186,57.757046,1,23
2026-06-05 06:04:22,40,67,34.7,41,-305.0,0,4.4049664,65.16831,1,23
2026-06-05 06:04:26,51,66,34.7,41,-297.0,0,3.9181447,42.707558,1,23
2026-06-05 06:04:30,42,67,34.9,41,-258.0,0,3.9685476,31.72721,1,23
2026-06-05 06:04:34,35,67,34.9,41,-255.0,0,3.743814,240.91818,1,23
2026-06-05 06:04:38,36,66,34.9,41,-186.0,0,6.613353,67.805214,1,23
2026-06-05 06:04:42,31,66,34.9,41,-190.0,0,3.9721947,254.48813,1,23
2026-06-05 06:04:46,47,66,34.9,41,-179.0,0,8.52516,154.78868,1,23
2026-06-05 06:04:50,37,66,34.9,41,-254.0,0,14.251534,688.3454,1,23
2026-06-05 06:04:54,35,67,34.9,41,-214.0,0,6.785882,449.6063,1,23
2026-06-05 06:04:59,31,66,34.9,41,-351.0,0,6.6945515,239.58876,1,23
2026-06-05 06:05:03,76,67,34.9,41,-721.0,0,30.61832,311.30057,1,23
2026-06-05 06:05:07,31,67,34.9,41,-232.0,0,10.563459,257.7933,1,23
2026-06-05 06:05:11,31,66,34.9,41,-532.0,0,8.667935,278.06857,1,23
2026-06-05 06:05:15,42,67,34.9,41,-191.0,0,4.902519,74.353775,1,23
2026-06-05 06:05:19,35,67,34.9,41,-231.0,0,4.0366206,144.39334,1,23
2026-06-05 06:05:23,35,67,34.9,41,-199.0,0,1.7945275,71.27573,1,23
2026-06-05 06:05:27,35,67,34.9,41,-186.0,0,1.5309855,71.495026,1,23
2026-06-05 06:05:31,35,67,35.1,41,-206.0,0,3.308142,94.88319,1,23
2026-06-05 06:05:35,35,67,35.1,41,-196.0,0,2.856944,0.7690369,1,23
2026-06-05 06:05:39,35,67,35.1,41,-204.0,0,0.12737772,0.21472244,1,23
2026-06-05 06:05:43,31,67,35.1,41,-230.0,0,1.8648536,56.11197,1,23
2026-06-05 06:05:47,35,67,35.1,41,-197.0,0,3.6443403,139.75772,1,23
2026-06-05 06:05:51,39,66,35.1,41,-214.0,0,3.11249,91.56389,1,23
2026-06-05 06:05:55,51,66,35.1,41,-207.0,0,9.937603,534.0133,1,23
2026-06-05 06:05:59,35,66,35.1,41,-218.0,0,2.531056,89.94322,1,23
2026-06-05 06:06:03,35,66,35.1,41,-199.0,0,18.524881,179.87796,1,23
2026-06-05 06:06:07,42,66,35.1,41,-194.0,0,2.582336,90.18067,1,23
2026-06-05 06:06:11,35,66,35.1,41,-200.0,0,0.8743161,8.480138,1,23
2026-06-05 06:06:15,41,66,35.1,41,-297.0,0,12.367529,394.18918,1,23
2026-06-05 06:06:19,38,66,35.1,41,-311.0,0,4.8023243,353.30896,1,23
2026-06-05 06:06:23,35,66,35.1,41,-237.0,0,16.026785,1052.9755,1,23
2026-06-05 06:06:27,45,66,35.1,41,-374.0,0,7.829952,671.9548,1,23
2026-06-05 06:06:31,49,66,35.3,41,-258.0,0,0.816195,0.20782067,1,23
2026-06-05 06:06:35,35,66,35.3,41,-201.0,0,1.2278317,0.38506833,1,23
2026-06-05 06:06:39,31,66,35.3,41,-264.0,0,6.708444,271.6354,1,23
2026-06-05 06:06:43,38,66,35.3,41,-226.0,0,2.871298,30.536676,1,23
2026-06-05 06:06:47,42,66,35.3,41,-205.0,0,0.69446063,0.27725062,1,23
2026-06-05 06:06:51,42,66,35.3,41,-186.0,0,6.9914103,129.71082,1,23
2026-06-05 06:06:55,39,67,35.3,41,-219.0,0,4.2255435,130.90814,1,23
2026-06-05 06:06:59,38,67,35.3,41,-291.0,0,7.9509315,333.34573,1,23
2026-06-05 06:07:03,35,66,35.3,41,-246.0,0,23.575203,452.82672,1,23
2026-06-05 06:07:07,32,66,35.3,41,-176.0,0,6.397749,291.6226,1,23
2026-06-05 06:07:11,61,68,35.3,41,-373.0,0,9.673465,210.066,1,23
2026-06-05 06:07:15,51,67,35.3,41,-411.0,0,9.892113,602.2447,1,23
2026-06-05 06:07:19,37,67,35.3,41,-311.0,0,1.2994051,53.436058,1,23
2026-06-05 06:07:23,35,67,35.3,41,-181.0,0,0.52093047,0.1373936,1,23
2026-06-05 06:07:27,42,67,35.3,41,-208.0,0,1.7524248,51.922108,1,23
2026-06-05 06:07:31,35,67,35.3,41,-206.0,0,2.3221295,0.5798643,1,23
2026-06-05 06:07:35,42,66,35.3,41,-201.0,0,0.3701526,28.606295,1,23
2026-06-05 06:07:39,42,67,35.3,41,-651.0,0,8.45642,8.831068,1,23
2026-06-05 06:07:43,42,67,35.3,41,-205.0,0,5.964154,176.15247,1,23
2026-06-05 06:07:47,35,67,35.3,41,-212.0,0,4.0087647,3.5965195,1,23
2026-06-05 06:07:51,44,67,35.3,41,-200.0,0,1.0197175,0.049216036,1,23
2026-06-05 06:07:55,31,67,35.3,41,-201.0,0,2.3686008,203.45819,1,23
2026-06-05 06:07:59,36,66,35.3,41,-216.0,0,2.6563957,35.31002,1,23
2026-06-05 06:08:03,35,66,35.3,41,-226.0,0,4.402795,134.44675,1,23
2026-06-05 06:08:07,52,67,35.3,41,-217.0,0,19.920124,26.724222,1,23
2026-06-05 06:08:11,42,68,35.3,41,-196.0,0,4.483962,61.32073,1,23
2026-06-05 06:08:15,35,68,35.3,41,-204.0,0,1.7658757,103.481384,1,23
2026-06-05 06:08:20,40,68,35.3,41,-188.0,0,1.8515664,53.16703,1,23
2026-06-05 06:08:24,42,67,35.3,41,-169.0,0,3.8313165,81.27245,1,23
2026-06-05 06:08:28,35,67,35.3,41,-180.0,0,1.7482874,0.5233928,1,23
2026-06-05 06:08:32,35,67,35.5,40,-190.0,0,0.80579746,0.044146642,1,23
2026-06-05 06:08:36,35,67,35.5,40,-311.0,0,0.7395704,0.13400473,1,23
2026-06-05 06:08:40,37,67,35.5,40,-191.0,0,2.864923,21.705593,1,23
2026-06-05 06:08:44,46,68,35.5,40,-283.0,0,5.288458,165.06604,1,23
2026-06-05 06:08:48,38,68,35.5,40,-226.0,0,13.413616,496.0061,1,23
2026-06-05 06:08:52,60,69,35.5,40,-192.0,0,8.618697,356.00287,1,23
2026-06-05 06:08:56,31,68,35.5,40,-448.0,0,7.051059,374.41183,1,23
2026-06-05 06:09:00,35,67,35.5,40,-325.0,0,5.319651,200.11725,1,23
2026-06-05 06:09:04,39,67,35.5,40,-509.0,0,1.5337319,4.7309675,1,23
2026-06-05 06:09:08,36,67,35.5,40,-216.0,0,18.584126,1.8451047,1,23
2026-06-05 06:09:12,41,67,35.5,40,-325.0,0,1.5483449,2.1431537,1,23
2026-06-05 06:09:16,31,68,35.5,40,-291.0,0,0.97049534,0.6059832,1,23
2026-06-05 06:09:20,76,67,35.5,40,-260.0,0,4.0137305,46.96692,1,23
2026-06-05 06:09:24,33,67,35.5,40,-234.0,0,9.838739,267.24277,1,23
2026-06-05 06:09:28,32,67,35.5,40,-277.0,0,14.402534,840.0588,1,23
2026-06-05 06:09:32,38,67,35.6,40,-220.0,0,1.4759161,43.07266,1,23
2026-06-05 06:09:36,35,67,35.6,40,-181.0,0,3.266776,2.96609,1,23
2026-06-05 06:09:40,37,67,35.6,40,-179.0,0,1.4847242,1.3334394,1,23
2026-06-05 06:09:44,37,67,35.6,40,-191.0,0,0.7330283,0.31678852,1,23
2026-06-05 06:09:48,50,67,35.6,40,-212.0,0,5.784423,67.258865,1,23
2026-06-05 06:09:52,35,68,35.6,40,-173.0,0,4.04402,125.93372,1,23
2026-06-05 06:09:56,35,68,35.6,40,-172.0,0,0.69368774,0.0,1,23
2026-06-05 06:10:00,33,68,35.6,40,-169.0,0,2.5771544,130.68857,1,23
2026-06-05 06:10:04,33,67,35.6,40,-385.0,0,8.796604,408.13354,1,23
2026-06-05 06:10:08,43,67,35.6,40,-234.0,0,20.468634,133.76254,1,23
2026-06-05 06:10:12,42,68,35.6,40,-270.0,0,0.43486223,1.6444818,1,23
2026-06-05 06:10:16,35,68,35.6,40,-192.0,0,0.8289002,0.121432796,1,23
2026-06-05 06:10:20,36,68,35.6,40,-195.0,0,0.6472424,1.4584174,1,23
2026-06-05 06:10:24,35,67,35.6,40,-195.0,0,6.0170417,99.5417,1,23
2026-06-05 06:10:28,41,68,35.6,40,-191.0,0,1.8721086,64.160835,1,23
2026-06-05 06:10:32,41,68,35.6,40,-197.0,0,2.1580017,57.707733,1,23
2026-06-05 06:10:36,48,68,35.6,40,-194.0,0,0.4537342,0.2123914,1,23
2026-06-05 06:10:40,42,68,35.6,40,-199.0,0,1.8557117,52.081875,1,23
2026-06-05 06:10:44,40,68,35.6,40,-250.0,0,2.144398,76.1288,1,23
2026-06-05 06:10:48,42,68,35.6,40,-195.0,0,1.599003,50.749256,1,23
2026-06-05 06:10:52,37,68,35.6,40,-199.0,0,2.4879382,103.42207,1,23
2026-06-05 06:10:56,37,68,35.6,40,-204.0,0,2.8683188,115.54049,1,23
2026-06-05 06:11:00,46,68,35.6,40,-218.0,0,1.4254173,26.382715,1,23
2026-06-05 06:11:04,40,68,35.6,40,-178.0,0,1.0594414,51.64382,1,23
2026-06-05 06:11:08,48,67,35.6,40,-205.0,0,3.0246952,70.413826,1,23
2026-06-05 06:11:12,60,67,35.6,40,-196.0,0,1.3952969,51.523,1,23
2026-06-05 06:11:16,43,67,35.6,40,-188.0,0,3.4810982,133.59143,1,23
2026-06-05 06:11:20,46,67,35.6,40,-249.0,0,4.389307,105.79775,1,23
2026-06-05 06:11:24,43,67,35.6,40,-193.0,0,1.5076883,51.668972,1,23
2026-06-05 06:11:29,41,67,35.6,40,-172.0,0,2.6745102,85.434425,1,23
2026-06-05 06:11:33,43,68,35.6,40,-199.0,0,2.2592878,12.964298,1,23
2026-06-05 06:11:37,38,68,35.6,40,-207.0,0,1.1619488,73.86063,1,23
2026-06-05 06:11:41,36,68,35.6,40,-185.0,0,0.1033836,0.06673824,1,23
2026-06-05 06:11:45,86,68,35.6,40,-592.0,0,3.0685384,3.431054,1,23
2026-06-05 06:11:49,35,67,35.6,40,-300.0,0,6.9887843,62.721104,1,23
2026-06-05 06:11:53,42,68,35.6,40,-296.0,0,6.1358294,142.64336,1,23
2026-06-05 06:11:57,54,67,35.6,40,-364.0,0,5.318808,28.091032,1,23
2026-06-05 06:12:01,35,68,35.6,40,-211.0,0,6.901997,384.8589,1,23
2026-06-05 06:12:05,61,68,35.6,40,-204.0,0,5.1548066,67.29732,1,23
2026-06-05 06:12:09,52,68,35.6,40,-476.0,0,14.163565,77.5415,1,23
2026-06-05 06:12:13,37,69,35.6,40,-389.0,0,2.0327597,105.86497,1,23
2026-06-05 06:12:17,86,69,35.6,40,-1007.0,0,6.911339,193.4771,1,23
2026-06-05 06:12:21,35,70,35.6,40,-298.0,0,72.86199,626.70135,1,23
2026-06-05 06:12:25,47,70,35.6,40,-516.0,0,11.733092,12.035762,1,23
2026-06-05 06:12:29,50,70,35.6,40,-377.0,0,23.550657,207.05753,1,23
2026-06-05 06:12:33,37,71,35.8,40,-488.0,0,30.058506,71.45847,1,23
2026-06-05 06:12:37,39,71,35.8,40,-296.0,0,141.2449,241.46664,1,23
2026-06-05 06:12:41,37,71,35.8,40,-306.0,0,1.6135781,34.980152,1,23
2026-06-05 06:12:45,37,71,35.8,40,-286.0,0,2.366968,1.5205815,1,23
2026-06-05 06:12:49,62,70,35.8,40,-238.0,0,4.0603933,11.260691,1,23
2026-06-05 06:12:53,42,70,35.8,40,-169.0,0,1.0091226,0.34066698,1,23
2026-06-05 06:12:57,84,71,35.8,40,-1227.0,0,1.2559274,14.968371,1,23
2026-06-05 06:13:01,53,67,35.8,40,-358.0,0,9.206686,9.504642,1,23
2026-06-05 06:13:05,40,67,35.8,40,-243.0,0,13.897067,239.86343,1,23
2026-06-05 06:13:09,45,66,35.8,40,-339.0,0,11.3247795,1020.1932,1,23
2026-06-05 06:13:13,31,66,35.8,40,-207.0,0,2.9715126,58.485542,1,23
2026-06-05 06:13:17,39,67,35.8,40,-211.0,0,1.8704684,2.458059,1,23
2026-06-05 06:13:21,37,66,35.8,40,-217.0,0,2.652817,132.56934,1,23
2026-06-05 06:13:25,35,66,35.8,40,-320.0,0,1.4168637,0.23141864,1,23
2026-06-05 06:13:29,75,68,35.8,40,-958.0,0,5.8109965,286.33676,1,23
2026-06-05 06:13:33,49,68,35.8,39,-345.0,0,2.5594938,1.9229647,1,23
2026-06-05 06:13:37,37,68,35.8,39,-229.0,0,4.2487283,140.36357,1,23
2026-06-05 06:13:41,42,68,35.8,39,-343.0,0,0.6950441,2.1561196,1,23
2026-06-05 06:13:45,60,69,35.8,39,-329.0,0,9.5080595,261.22256,1,23
2026-06-05 06:13:49,35,69,35.8,39,-225.0,0,7.1312456,527.03503,1,23
2026-06-05 06:13:53,35,69,35.8,39,-269.0,0,0.8336568,69.25975,1,23
2026-06-05 06:13:57,35,69,35.8,39,-192.0,0,2.1210968,62.458313,1,23
2026-06-05 06:14:01,40,69,35.8,39,-249.0,0,21.344692,48.742035,1,23
2026-06-05 06:14:05,35,69,35.8,39,-195.0,0,0.88502496,0.26757133,1,23
2026-06-05 06:14:09,37,69,35.8,39,-183.0,0,0.49554732,0.25528196,1,23
2026-06-05 06:14:13,35,68,35.8,39,-191.0,0,0.7862506,0.06578386,1,23
2026-06-05 06:14:17,42,68,35.8,39,-171.0,0,0.53566724,0.085318945,1,23
2026-06-05 06:14:21,54,67,35.8,39,-192.0,0,4.584796,212.87047,1,23
2026-06-05 06:14:25,31,68,35.8,39,-332.0,0,6.467139,225.02592,1,23
2026-06-05 06:14:29,35,69,35.8,39,-677.0,0,4.0027394,224.59283,1,23
2026-06-05 06:14:33,70,67,36.2,39,-386.0,0,9.866189,345.26523,1,23
2026-06-05 06:14:37,39,67,36.2,39,-523.0,0,10.34459,374.5629,1,23
2026-06-05 06:14:41,35,67,36.2,39,-226.0,0,1.5652255,2.4553988,1,23
2026-06-05 06:14:45,71,67,36.2,39,-357.0,0,0.0,0.0,1,23
2026-06-05 06:14:49,48,67,36.2,39,-210.0,0,1.9820476,136.38528,1,23
2026-06-05 06:14:53,35,67,36.2,39,-198.0,0,1.7924309,136.99054,1,23
2026-06-05 06:14:58,39,68,36.2,39,-207.0,0,1.8440795,26.70547,1,23
2026-06-05 06:15:02,40,68,36.2,39,-220.0,0,18.278477,250.86986,1,23
2026-06-05 06:15:06,35,68,36.2,39,-206.0,0,0.4286754,0.08685421,1,23
2026-06-05 06:15:10,46,67,36.2,39,-204.0,0,1.0755041,0.32107493,1,23
2026-06-05 06:15:14,47,68,36.2,39,-173.0,0,3.160167,273.50647,1,23
2026-06-05 06:15:18,40,68,36.2,39,-196.0,0,1.0015528,0.2596079,1,23
2026-06-05 06:15:22,39,68,36.2,39,-204.0,0,0.54881597,0.3777659,1,23
2026-06-05 06:15:26,36,68,36.2,39,-196.0,0,1.3430462,0.2741356,1,23
2026-06-05 06:15:30,38,68,36.2,39,-216.0,0,3.7856028,276.8975,1,23
2026-06-05 06:15:34,39,68,35.8,39,-204.0,0,3.4585373,0.5905531,1,23
2026-06-05 06:15:38,35,68,35.8,39,-198.0,0,1.1967869,0.20419918,1,23
2026-06-05 06:15:42,35,68,35.8,39,-160.0,0,1.9084821,42.427456,1,23
2026-06-05 06:15:46,35,68,35.8,39,-221.0,0,1.9383323,92.99824,1,23
2026-06-05 06:15:50,31,69,35.8,39,-184.0,0,3.135471,52.82382,1,23
2026-06-05 06:15:54,44,68,35.8,39,-1110.0,0,10.045964,452.0073,1,23
2026-06-05 06:15:58,35,68,35.8,39,-242.0,0,11.701959,3.026054,1,23
2026-06-05 06:16:02,81,67,35.8,39,-213.0,0,1.4496797,2.6412072,1,23
2026-06-05 06:16:06,47,67,35.8,39,-312.0,0,5.253375,199.20097,1,23
2026-06-05 06:16:10,31,67,35.8,39,-283.0,0,4.621129,215.78304,1,23
2026-06-05 06:16:14,36,67,35.8,39,-279.0,0,7.651038,36.991016,1,23
2026-06-05 06:16:18,38,68,35.8,39,-214.0,0,12.519901,690.2142,1,23
2026-06-05 06:16:22,35,68,35.8,39,-205.0,0,1.6012324,124.291115,1,23
2026-06-05 06:16:26,37,68,35.8,39,-191.0,0,2.7642589,53.027878,1,23
2026-06-05 06:16:30,46,68,35.8,39,-253.0,0,0.85680455,0.110508315,1,23
2026-06-05 06:16:34,42,68,35.7,39,-229.0,0,0.5454827,0.47781458,1,23
2026-06-05 06:16:38,37,68,35.7,39,-171.0,0,1.1826663,51.99478,1,23
2026-06-05 06:16:42,36,68,35.7,39,-221.0,0,3.1002407,64.46136,1,23
2026-06-05 06:16:46,38,68,35.7,39,-638.0,0,2.1348956,34.055187,1,23
2026-06-05 06:16:50,36,68,35.7,39,-209.0,0,5.667654,101.27661,1,23
2026-06-05 06:16:54,35,68,35.7,39,-205.0,0,0.8955472,0.17784435,1,23
2026-06-05 06:16:58,35,68,35.7,39,-198.0,0,2.2937694,3.6607141,1,23
2026-06-05 06:17:02,84,67,35.7,39,-249.0,0,24.856918,55.035145,1,23
2026-06-05 06:17:06,49,67,35.7,39,-222.0,0,0.504456,0.19555573,1,23
2026-06-05 06:17:10,35,67,35.7,39,-172.0,0,1.344261,49.427517,1,23
2026-06-05 06:17:14,35,68,35.7,39,-170.0,0,1.9766302,1.4752636,1,23
2026-06-05 06:17:18,86,67,35.7,39,-166.0,0,6.9118786,1.8825213,1,23
2026-06-05 06:17:22,41,67,35.7,39,-284.0,0,25.107067,75.35371,1,23
2026-06-05 06:17:26,62,69,35.7,39,-549.0,0,25.096611,213.20845,1,23
2026-06-05 06:17:30,47,69,35.7,39,-168.0,0,7.9260144,159.1736,1,23
2026-06-05 06:17:34,62,69,35.7,39,-123.0,0,6.4961576,4.491264,1,23
2026-06-05 06:17:38,29,68,35.7,39,-130.0,0,5.3265057,6.1235013,1,23
2026-06-05 06:17:42,55,69,35.7,39,-111.0,0,4.217063,1.3145288,1,23
2026-06-05 06:17:46,35,72,35.7,39,-518.0,0,42.60406,63.1907,1,23
2026-06-05 06:17:50,73,72,35.7,39,-360.0,0,40.780533,473.37756,1,23
2026-06-05 06:17:54,51,72,35.7,39,-478.0,0,61.979248,1642.7616,1,23
2026-06-05 06:17:58,57,72,35.7,39,-361.0,0,22.249043,712.73914,1,23
2026-06-05 06:18:03,67,72,35.7,39,-509.0,0,16.475069,487.1789,1,23
2026-06-05 06:18:07,73,72,35.7,39,-275.0,0,29.307325,732.08136,1,23
2026-06-05 06:18:11,43,72,35.7,39,-578.0,0,14.871874,677.5826,1,23
2026-06-05 06:18:15,38,71,35.7,39,-312.0,0,11.607727,383.34473,1,23
2026-06-05 06:18:19,38,71,35.7,39,-230.0,0,3.3582563,1.7514886,1,23
2026-06-05 06:18:23,35,70,35.7,39,-183.0,0,0.6713715,0.22986516,1,23
2026-06-05 06:18:27,26,70,35.7,39,-135.0,0,1.0403726,0.08734472,1,23
2026-06-05 06:18:31,32,70,35.7,39,-173.0,0,1.0571362,0.25164148,1,23
2026-06-05 06:18:35,69,71,35.9,38,-996.0,0,1.8874065,1.010998,1,23
2026-06-05 06:18:39,76,72,35.9,38,-722.0,0,24.718233,219.30768,1,23
2026-06-05 06:18:43,49,73,35.9,38,-305.0,0,52.300617,1678.3727,1,23
2026-06-05 06:18:47,76,73,35.9,38,-545.0,0,11.77568,295.9459,1,23
2026-06-05 06:18:51,85,73,35.9,38,-1028.0,0,9.801649,300.35114,1,23
2026-06-05 06:18:55,27,71,35.9,38,-141.0,0,2.7840917,0.103718676,1,23
2026-06-05 06:18:59,49,69,35.9,38,-638.0,0,16.000713,13.266628,1,23
2026-06-05 06:19:03,31,70,35.9,38,-216.0,0,6.261303,58.186954,1,23
2026-06-05 06:19:07,37,70,35.9,38,-212.0,0,3.0734,2.471073,1,23
2026-06-05 06:19:11,53,70,35.9,38,-195.0,0,0.043629006,0.0,1,23
2026-06-05 06:19:15,52,69,35.9,38,-170.0,0,0.4305797,0.059398666,1,23
2026-06-05 06:19:19,51,72,35.9,38,-448.0,0,22.060938,18.014797,1,23
2026-06-05 06:19:23,82,74,35.9,38,-605.0,0,35.38417,535.406,1,23
2026-06-05 06:19:27,46,74,35.9,38,-145.0,0,13.855103,9.090706,1,23
2026-06-05 06:19:31,29,75,35.9,38,-170.0,0,15.349105,91.91661,1,23
2026-06-05 06:19:35,44,74,36.1,38,-445.0,0,18.904308,59.813908,1,23
2026-06-05 06:19:39,51,70,36.1,38,-234.0,0,4.4113183,5.8462377,1,23
2026-06-05 06:19:43,37,69,36.1,38,-178.0,0,5.2037873,151.80359,1,23
2026-06-05 06:19:47,31,69,36.1,38,-172.0,0,1.9276369,0.5498171,1,23
2026-06-05 06:19:51,39,69,36.1,38,-223.0,0,5.5040183,231.06102,1,23
2026-06-05 06:19:55,31,70,36.1,38,-207.0,0,1.3434397,31.222858,1,23
2026-06-05 06:19:59,43,69,36.1,38,-515.0,0,18.323307,945.8158,1,23
2026-06-05 06:20:03,35,69,36.1,38,-236.0,0,2.777967,1.2252084,1,23
2026-06-05 06:20:07,52,69,36.1,38,-245.0,0,3.5538921,76.78759,1,23
2026-06-05 06:20:11,39,69,36.1,38,-226.0,0,0.8913476,86.22698,1,23
2026-06-05 06:20:15,40,69,36.1,38,-209.0,0,1.8081439,133.26248,1,23
2026-06-05 06:20:19,47,69,36.1,38,-220.0,0,17.081827,84.75615,1,23
2026-06-05 06:20:23,35,69,36.1,38,-247.0,0,0.53487664,85.852554,1,23
2026-06-05 06:20:27,35,69,36.1,38,-250.0,0,1.0823467,78.12184,1,23
2026-06-05 06:20:31,46,69,36.1,38,-222.0,0,1.0252573,86.19502,1,23
2026-06-05 06:20:35,35,69,36.1,38,-219.0,0,2.1766725,174.36415,1,23
2026-06-05 06:20:39,40,69,36.1,38,-210.0,0,0.58001596,75.859055,1,23
2026-06-05 06:20:43,42,68,36.1,38,-197.0,0,1.3056453,86.08565,1,23
2026-06-05 06:20:47,40,68,36.1,38,-207.0,0,0.85852987,40.814533,1,23
2026-06-05 06:20:51,31,69,36.1,38,-305.0,0,7.726675,768.7244,1,23
2026-06-05 06:20:55,35,69,36.1,38,-251.0,0,1.2548159,1.7563531,1,23
2026-06-05 06:20:59,49,70,36.1,38,-204.0,0,1.7843844,1.9310627,1,23
2026-06-05 06:21:03,49,69,36.1,38,-239.0,0,3.6955948,188.48848,1,23
2026-06-05 06:21:07,37,69,36.1,38,-173.0,0,4.078098,275.1803,1,23
2026-06-05 06:21:11,35,69,36.1,38,-194.0,0,0.90427846,0.2120009,1,23
2026-06-05 06:21:15,35,69,36.1,38,-193.0,0,0.24050398,0.16801336,1,23
2026-06-05 06:21:19,40,69,36.1,38,-198.0,0,7.5387135,1.523166,1,23
2026-06-05 06:21:24,41,69,36.1,38,-196.0,0,3.6970215,279.17377,1,23
2026-06-05 06:21:28,67,69,36.1,38,-180.0,0,0.5610504,0.1190989,1,23
2026-06-05 06:21:32,85,69,36.1,38,-198.0,0,0.5520018,0.36338905,1,23
2026-06-05 06:21:36,35,69,36.0,38,-191.0,0,3.4634638,273.98248,1,23
2026-06-05 06:21:40,37,69,36.0,38,-200.0,0,0.8684863,0.20912491,1,23
2026-06-05 06:21:44,35,68,36.0,38,-184.0,0,0.14110214,0.12510087,1,23
2026-06-05 06:21:48,40,68,36.0,38,-235.0,0,1.190989,0.32139724,1,23
2026-06-05 06:21:52,40,68,36.0,38,-199.0,0,3.2080464,273.3647,1,23
2026-06-05 06:21:56,35,68,36.0,38,-188.0,0,1.5189356,0.18628912,1,23
2026-06-05 06:22:00,35,68,36.0,38,-249.0,0,1.4871154,1.6986959,1,23
2026-06-05 06:22:04,69,68,36.0,38,-178.0,0,2.49084,18.527788,1,23
2026-06-05 06:22:08,36,68,36.0,38,-174.0,0,3.3719914,255.22418,1,23
2026-06-05 06:22:12,35,68,36.0,38,-219.0,0,3.0208008,87.61001,1,23
2026-06-05 06:22:16,35,68,36.0,38,-207.0,0,1.1873313,0.5182007,1,23
2026-06-05 06:22:20,38,68,36.0,38,-192.0,0,2.9704282,1.4217993,1,23
2026-06-05 06:22:24,35,68,36.0,38,-201.0,0,5.5878525,14.828808,1,23
2026-06-05 06:22:28,60,68,36.0,38,-520.0,0,5.0079756,274.18677,1,23
2026-06-05 06:22:32,33,68,36.0,38,-423.0,0,5.1043158,92.37278,1,23
2026-06-05 06:22:36,35,69,35.8,37,-206.0,0,3.2478304,0.27995604,1,23
2026-06-05 06:22:40,37,69,35.8,37,-208.0,0,3.0452342,133.09798,1,23
2026-06-05 06:22:44,37,68,35.8,37,-182.0,0,1.6692547,0.24116847,1,23
2026-06-05 06:22:48,31,69,35.8,37,-276.0,0,2.3269522,8.39703,1,23
2026-06-05 06:22:52,35,69,35.8,37,-241.0,0,6.448571,127.49588,1,23
2026-06-05 06:22:56,41,69,35.8,37,-194.0,0,5.639745,553.2459,1,23
2026-06-05 06:23:00,52,70,35.8,37,-447.0,0,9.998602,245.85275,1,23
2026-06-05 06:23:04,55,70,35.8,37,-425.0,0,8.90179,61.319164,1,23
